ph,turbidity,startFlow,endFlow,flowDiff,flowRatio,phDeviation,clog
6.48,1.49,47.77227809845114,33.29383787232409,30.307200749960607,0.696927992500394,0.019999999999999574,0
6.23,3.23,57.27332624828897,44.4767302626967,22.343029161807355,0.7765697083819265,0.2699999999999996,0
5.71,1.3,44.78887494644914,38.460309774677,14.129770348861753,0.8587022965113825,0.79,0
7.13,2.7,50.95077176778029,11.04578134435491,78.32067903760405,0.2167932096239595,0.6299999999999999,1
5.81,2.9,58.31487722454064,43.42438599049902,25.534635315626208,0.7446536468437379,0.6900000000000004,0
6.35,3.09,42.18952705072656,29.60575229155239,29.82677370154938,0.7017322629845062,0.15000000000000036,0
7.25,1.1,53.46496212277194,13.12958712351308,75.44263270333285,0.2455736729666716,0.75,1
7.1,3.19,58.31837173757269,39.28578178373306,32.63566760657265,0.6736433239342734,0.5999999999999996,0
6.27,2.12,59.877566488452615,20.746328968169315,65.3520839525597,0.34647916047440314,0.23000000000000043,1
7.47,1.45,52.26520733034773,41.19084216635936,21.188790267283704,0.7881120973271629,0.9699999999999998,0
6.5,2.6,42.62157445297456,37.03523448785247,13.106836236858497,0.868931637631415,0.0,0
5.53,2.25,54.171613663433206,17.22928630616482,68.19499154444628,0.31805008455553707,0.9699999999999998,1
6.87,0.71,51.728568341995626,44.02754420245133,14.887371497757554,0.8511262850224245,0.3700000000000001,0
5.58,1.58,48.08429200537944,22.25523255441379,53.716210375055574,0.46283789624944427,0.9199999999999999,1
5.8,0.77,58.095360929871724,50.59214281622065,12.91534813374924,0.8708465186625076,0.7000000000000002,0
7.1,3.42,58.76122714988904,54.24151949559676,7.691649534076843,0.9230835046592316,0.5999999999999996,0
7.34,2.72,49.58128760027241,22.970029211658655,53.67197924175642,0.4632802075824359,0.8399999999999999,1
6.76,3.2,40.50583222040259,35.565398758385136,12.196844728767184,0.8780315527123281,0.2599999999999998,0
5.64,0.93,48.756760151139645,42.887324658066724,12.038198343939241,0.8796180165606076,0.8600000000000003,0
7.35,0.78,54.18024384394562,35.23668176030023,34.96396608735869,0.6503603391264131,0.8499999999999996,0
6.76,1.77,49.51862619306752,19.584394879262447,60.45044787206917,0.39549552127930826,0.2599999999999998,1
7.47,0.94,49.12825696561016,36.6974659328088,25.302731667241794,0.746972683327582,0.9699999999999998,0
5.92,2.82,54.00735225934938,46.292079150627714,14.285597767637373,0.8571440223236263,0.5800000000000001,0
5.95,0.69,49.94826142692876,36.52649896569895,26.87133060850381,0.7312866939149619,0.5499999999999998,0
7.18,2.4,58.59761403230739,40.67915542290859,30.578819471249425,0.6942118052875057,0.6799999999999997,0
6.65,1.56,48.07614992239673,35.403373024438714,26.359799855882976,0.7364020014411703,0.15000000000000036,0
7.06,2.6,59.75912416446738,53.668120326634956,10.19259221582454,0.8980740778417546,0.5599999999999996,0
6.81,2.61,56.778082473360044,52.34880517403246,7.801033614345429,0.9219896638565457,0.3099999999999996,0
5.55,3.39,50.616682755303145,34.013359488909984,32.80207702796094,0.6719792297203906,0.9500000000000002,0
6.79,0.8,40.3654725060542,37.54044041577003,6.998635008819637,0.9300136499118036,0.29000000000000004,0
6.78,2.74,54.987677313234784,33.84748713594241,38.44532304368531,0.6155467695631468,0.28000000000000025,0
7.28,2.71,47.171144347179826,35.89726482177495,23.899949177465523,0.7610005082253448,0.7800000000000002,0
6.55,2.91,53.584451900146206,13.698049809442695,74.43652155858793,0.2556347844141207,0.04999999999999982,1
6.03,2.88,44.198985566162186,28.17086526801608,36.26354789105589,0.6373645210894411,0.46999999999999975,0
7.36,2.21,50.09617697142505,34.56396600480867,31.00478301063968,0.6899521698936032,0.8600000000000003,0
7.23,1.74,42.23090342749872,8.585943362944278,79.66905117792595,0.20330948822074044,0.7300000000000004,1
6.29,0.62,57.96965372098731,45.472732838596855,21.557694552634658,0.7844230544736535,0.20999999999999996,0
6.84,1.54,50.7143707986543,47.28876792485279,6.754698559510487,0.9324530144048951,0.33999999999999986,0
7.47,2.45,44.36992447451516,32.29020549272741,27.22501587471938,0.7277498412528063,0.9699999999999998,0
6.62,2.34,47.755579939406246,10.31509804243409,78.40022452764221,0.21599775472357796,0.1200000000000001,1
6.88,0.84,46.194319079161154,19.108867249563783,58.63372892926992,0.4136627107073007,0.3799999999999999,1
7.06,3.01,56.54161829456369,50.124767281820745,11.348898751558915,0.8865110124844109,0.5599999999999996,0
7.15,1.94,40.92354978615095,12.128536429933794,70.36294140339153,0.2963705859660846,0.6500000000000004,1
6.39,1.36,42.65748615364691,26.60743303895149,37.625407781614555,0.6237459221838544,0.11000000000000032,0
6.33,0.6,56.07593846897308,50.57256498962775,9.814144229419101,0.901858557705809,0.16999999999999993,0
5.6,0.67,43.345439734664446,18.69127439396654,56.87833712523476,0.43121662874765243,0.9000000000000004,1
7.08,0.82,52.98894310925222,11.702618944378578,77.91497950761124,0.22085020492388768,0.5800000000000001,1
6.5,2.38,41.310692116961604,13.80228438677527,66.58907493561881,0.3341092506438119,0.0,1
5.72,3.22,53.975721994079265,48.35311526307975,10.416918057374522,0.8958308194262548,0.7800000000000002,0
6.89,2.41,42.07142547148044,17.739078196743364,57.83580423542243,0.4216419576457757,0.3899999999999997,1
5.78,2.4,59.10372539909507,39.68409847314258,32.856857659686234,0.6714314234031377,0.7199999999999998,0
6.33,2.23,49.099372426720976,16.734312142056403,65.91746225059852,0.3408253774940149,0.16999999999999993,1
6.39,1.99,47.28086301359277,22.747272639817613,51.88904941672067,0.4811095058327933,0.11000000000000032,1
6.81,0.56,59.32881193599655,42.05595357808675,29.113777596867475,0.7088622240313253,0.3099999999999996,0
7.49,1.23,53.97269643714987,25.745846841178206,52.29838688686097,0.47701613113139035,0.9900000000000002,1
6.24,0.95,50.65916268404435,13.859088737393911,72.64248360394046,0.27357516396059545,0.2599999999999998,1
7.02,2.53,57.242198338545535,22.67289491522578,60.391292484729064,0.39608707515270936,0.5199999999999996,1
6.41,1.71,46.15521590410273,43.072957184791306,6.6780290351484295,0.9332197096485157,0.08999999999999986,0
7.24,1.27,59.22604404522744,51.16541645535811,13.609937519571458,0.8639006248042854,0.7400000000000002,0
6.94,1.58,51.03268069821573,34.7885775454967,31.830785548537676,0.6816921445146232,0.4400000000000004,0
6.86,0.88,53.73630277479948,37.99424194501237,29.29502034362068,0.7070497965637932,0.3600000000000003,0
6.65,2.73,40.22092326177683,31.987999665465487,20.469255622819933,0.7953074437718006,0.15000000000000036,0
5.99,1.97,55.78885551456743,41.37593933316343,25.834758660070626,0.7416524133992937,0.5099999999999998,0
6.89,1.88,58.7891943707136,22.538826035975614,61.66161779008227,0.3833838220991772,0.3899999999999997,1
5.85,0.58,56.73417348790355,36.354394160042006,35.921523263587815,0.6407847673641219,0.6500000000000004,0
7.41,0.93,45.81103398823666,42.52106788552936,7.181601933612964,0.9281839806638703,0.9100000000000001,0
6.99,2.28,40.02114936279781,16.760626523095382,58.12057677015282,0.41879423229847185,0.4900000000000002,1
7.37,2.48,51.35711061919732,32.035034046497756,37.62298217274895,0.6237701782725105,0.8700000000000001,0
7.01,1.65,40.5411652831567,29.608167403681424,26.9676458560443,0.730323541439557,0.5099999999999998,0
6.24,1.49,43.65366732119184,21.527298751679684,50.686162073652,0.49313837926348,0.2599999999999998,1
6.81,1.72,53.78219833385984,50.108420006634056,6.830844482072555,0.9316915551792745,0.3099999999999996,0
7.12,2.99,53.62082677150365,50.586176696719875,5.65946155160091,0.9434053844839909,0.6200000000000001,0
7.15,1.2,48.34214202554169,34.380390891747496,28.88111810688378,0.7111888189311621,0.6500000000000004,0
6.59,1.0,51.84147266706131,31.262401769552387,39.69615413835324,0.6030384586164675,0.08999999999999986,0
6.33,2.51,57.62216372940017,51.267008741882314,11.029011366810769,0.8897098863318923,0.16999999999999993,0
6.81,1.0,57.02213350660149,23.029947045245212,59.612266975982195,0.403877330240178,0.3099999999999996,1
5.87,2.71,51.18355266377807,15.97663344225995,68.78561059016444,0.3121438940983556,0.6299999999999999,1
7.03,2.01,52.41020259147298,36.44465172352366,30.462677262283428,0.6953732273771658,0.5300000000000002,0
6.15,3.38,41.93091230523859,36.6391435339863,12.62020900649751,0.8737979099350249,0.34999999999999964,0
6.98,3.34,59.45143146953231,43.50107281663127,26.829225568900362,0.7317077443109964,0.4800000000000004,0
5.91,2.35,41.4763891028599,9.868221100995049,76.2076176001671,0.23792382399832898,0.5899999999999999,1
6.77,1.57,49.58907151132021,45.2398827776058,8.77045808918116,0.9122954191081885,0.2699999999999996,0
6.51,3.27,41.004157754496944,36.40066461257426,11.226893549393333,0.8877310645060666,0.009999999999999787,0
5.98,0.78,46.01698816599425,21.73331815688504,52.77109818989505,0.47228901810104956,0.5199999999999996,1
7.25,0.58,49.562023987634156,42.81027081212963,13.622835857528951,0.8637716414247105,0.75,0
5.68,3.3,59.45027915712858,38.55337633932761,35.15021815552779,0.6484978184447221,0.8200000000000003,0
7.08,2.82,48.65499900532893,13.50309841096972,72.2472537518893,0.27752746248110693,0.5800000000000001,1
6.45,2.09,40.15044361654027,27.7382243375604,30.914276807309214,0.6908572319269078,0.04999999999999982,0
5.77,0.83,55.05520489752615,22.892269937990022,58.419426500002615,0.41580573499997386,0.7300000000000004,1
7.15,0.97,55.700649432865184,52.12732947195823,6.415221361492031,0.9358477863850797,0.6500000000000004,0
6.25,0.94,40.53827063056381,36.68290646348364,9.510430778399853,0.9048956922160015,0.25,0
6.0,0.64,48.101848665955245,41.25275154145275,14.238739912193928,0.8576126008780607,0.5,0
6.36,2.08,40.05763586392794,34.91343314777156,12.842002792253531,0.8715799720774646,0.13999999999999968,0
7.03,3.24,54.991572401655134,36.51958658054517,33.59057581803933,0.6640942418196066,0.5300000000000002,0
5.64,2.79,58.8645528415459,46.51750387762586,20.975355061570497,0.790246449384295,0.8600000000000003,0
7.31,2.9,52.51100806022036,48.73305598897488,7.194590640714554,0.9280540935928544,0.8099999999999996,0
5.95,0.78,53.22908816707649,38.84770261110061,27.01790703390468,0.7298209296609532,0.5499999999999998,0
5.69,0.51,56.33420525975909,49.15948375836653,12.73599488678265,0.8726400511321735,0.8099999999999996,0
7.32,1.4,49.86018149600625,37.73555010983038,24.317262838578,0.75682737161422,0.8200000000000003,0
5.98,2.22,42.36471464748737,17.892117534318857,57.76646276695734,0.4223353723304266,0.5199999999999996,1
5.73,2.66,49.83719210766684,35.38100846138514,29.006818070831457,0.7099318192916854,0.7699999999999996,0
6.59,1.48,42.25989590318101,8.85891925624318,79.03705376714773,0.20962946232852284,0.08999999999999986,1
7.39,1.8,41.33125158315366,37.32097903683874,9.702760968287434,0.9029723903171256,0.8899999999999997,0
7.15,2.15,59.63098283851299,55.729014547295364,6.543525035944101,0.934564749640559,0.6500000000000004,0
6.5,0.97,52.54348904380123,47.32021483541694,9.940859092988802,0.900591409070112,0.0,0
6.98,3.12,47.30385495633399,42.40788303101708,10.350048489359624,0.8964995151064038,0.4800000000000004,0
5.7,2.02,59.28803330424046,52.768363615947415,10.996603066316817,0.8900339693368318,0.7999999999999998,0
7.04,2.07,48.483862107798046,31.85598042188613,34.2957036899037,0.657042963100963,0.54,0
5.57,2.08,42.60499873461324,36.973538053437736,13.217840273283194,0.867821597267168,0.9299999999999997,0
7.34,0.9,59.27301854263668,53.56984199645478,9.621876338353601,0.903781236616464,0.8399999999999999,0
5.84,2.27,47.839908411953886,10.797677912347709,77.42955981569214,0.22570440184307844,0.6600000000000001,1
6.8,2.67,49.32507552977683,42.21405066515978,14.416652763814275,0.8558334723618573,0.2999999999999998,0
7.19,1.46,40.39940170165742,38.37141233773444,5.019849994065078,0.9498015000593493,0.6900000000000004,0
6.88,1.19,41.42137246233732,14.619256891548943,64.7060055655046,0.352939944344954,0.3799999999999999,1
5.87,0.64,49.348788310680156,13.89724211242668,71.83873690082272,0.28161263099177275,0.6299999999999999,1
6.83,2.63,50.26607842564801,34.645098583497166,31.07658351597271,0.6892341648402729,0.33000000000000007,0
6.16,2.94,51.10312668059814,37.86852569583681,25.897830219820957,0.7410216978017905,0.33999999999999986,0
6.97,2.71,48.5090166515482,44.97865963228899,7.27773363170523,0.9272226636829477,0.46999999999999975,0
5.65,0.82,58.354053185406386,54.423174428094924,6.7362565969873796,0.9326374340301262,0.8499999999999996,0
6.63,0.62,55.100775827776786,36.69950026209366,33.39567417924973,0.6660432582075027,0.1299999999999999,0
6.69,0.84,47.924371695983375,30.194545990968823,36.995426497162654,0.6300457350283735,0.1900000000000004,0
6.46,2.39,56.83863569713277,53.30881685918489,6.210245539243208,0.9378975446075679,0.040000000000000036,0
7.23,1.95,48.28795427978984,18.30788582212998,62.08601897680214,0.3791398102319786,0.7300000000000004,1
6.48,2.93,52.916966773074385,11.606989587668094,78.06565588416521,0.21934344115834795,0.019999999999999574,1
6.19,1.28,55.50000541776255,15.174877722631283,72.65788064630598,0.27342119353694017,0.3099999999999996,1
5.75,3.24,46.42031990562042,21.535622540300405,53.60733707978401,0.4639266292021599,0.75,1
6.32,2.37,47.88802186096113,17.329840717892775,63.81174238474807,0.3618825761525193,0.17999999999999972,1
6.04,2.48,54.50734416521665,35.30731621671326,35.2246623689945,0.647753376310055,0.45999999999999996,0
6.3,3.29,46.75256993300947,22.909632551937072,50.998132113884466,0.4900186788611553,0.20000000000000018,1
6.95,2.42,46.05689059604537,36.266810666347425,21.256493443216858,0.7874350655678314,0.4500000000000002,0
7.19,1.39,55.51477747138301,51.230123490473986,7.71804225121446,0.9228195774878554,0.6900000000000004,0
5.79,0.93,56.84252143191427,14.701340272511121,74.13672035973927,0.2586327964026072,0.71,1
7.18,3.21,40.702820598979926,20.03727058031851,50.77178857521075,0.49228211424789253,0.6799999999999997,1
7.45,0.72,56.34044453217176,26.993235793487173,52.08906138808794,0.4791093861191206,0.9500000000000002,1
7.42,1.91,49.44213251625065,35.28958928948921,28.6244595580698,0.7137554044193021,0.9199999999999999,0
6.02,1.16,55.271048080178424,42.57924985605872,22.96283255875384,0.7703716744124616,0.4800000000000004,0
7.07,1.31,51.52201136505127,24.79534183314811,51.874274361176354,0.48125725638823647,0.5700000000000003,1
5.63,1.32,53.53101035976015,23.325248649192844,56.42666093459972,0.43573339065400285,0.8700000000000001,1
6.54,1.84,55.01932935716438,17.83645445997191,67.58147605874203,0.3241852394125797,0.040000000000000036,1
5.7,0.86,47.50551078394378,32.05981030039488,32.51349207420655,0.6748650792579345,0.7999999999999998,0
6.66,2.02,58.67432765485679,51.40154549945871,12.395169141398876,0.8760483085860112,0.16000000000000014,0
7.47,3.0,40.63577507307085,30.893880837947552,23.973688744968,0.76026311255032,0.9699999999999998,0
7.15,3.32,47.58990053865698,37.314063112232965,21.592475105252664,0.7840752489474734,0.6500000000000004,0
6.46,2.98,54.08337968212049,34.12530188548325,36.90242346898896,0.6309757653101105,0.040000000000000036,0
6.33,1.64,54.55741631099418,27.275234455817174,50.00636705312457,0.49993632946875427,0.16999999999999993,1
5.78,3.44,44.02191365422772,37.88006938164337,13.951788467956591,0.8604821153204341,0.7199999999999998,0
7.47,2.47,47.33710667023298,42.959072970541314,9.248629685355706,0.907513703146443,0.9699999999999998,0
6.58,1.54,55.0339272588939,12.920069954628689,76.52344544875143,0.23476554551248582,0.08000000000000007,1
6.72,0.61,42.710989622443726,10.723273267380604,74.89340948975402,0.25106590510245985,0.21999999999999975,1
5.93,3.06,47.436116506683206,44.99766314332553,5.14049956643083,0.9485950043356917,0.5700000000000003,0
6.74,1.16,42.03283641308739,32.378801077941944,22.967841713721594,0.7703215828627841,0.2400000000000002,0
6.65,2.83,53.69587684313951,49.61156730078336,7.606374609148374,0.9239362539085163,0.15000000000000036,0
6.54,0.92,43.0727689707752,9.46750071749315,78.01975367797498,0.2198024632202502,0.040000000000000036,1
7.24,3.13,44.51886377295593,29.550696325133448,33.62207877577339,0.6637792122422661,0.7400000000000002,0
6.71,2.61,54.45235014351013,42.388377156582976,22.155100661647,0.77844899338353,0.20999999999999996,0
5.57,2.09,59.28813735113532,12.582626635517137,78.7771598203596,0.21222840179640404,0.9299999999999997,1
6.17,2.65,45.61779742897463,11.726285517215198,74.29449430242083,0.2570550569757917,0.33000000000000007,1
7.45,2.81,52.197487644310385,37.435750107549914,28.28055180998644,0.7171944819001356,0.9500000000000002,0
6.19,1.43,48.074902012967655,43.12736805823656,10.291303252987499,0.8970869674701251,0.3099999999999996,0
7.22,2.38,52.2616951881489,21.76768166529348,58.34868810334798,0.4165131189665202,0.7199999999999998,1
7.17,1.73,58.717843605152524,53.83555108858252,8.314836201071902,0.916851637989281,0.6699999999999999,0
5.7,3.37,52.15653047261022,20.524190676326008,60.64885740989961,0.39351142590100385,0.7999999999999998,1
5.71,2.02,50.25464679542567,15.287750543894564,69.57942893096585,0.3042057106903416,0.79,1
6.55,2.74,55.99569708740265,50.17436101180315,10.396041800342411,0.8960395819965759,0.04999999999999982,0
6.55,2.79,56.09486687985722,48.94901063673938,12.738877263801484,0.8726112273619852,0.04999999999999982,0
6.93,2.84,41.93363455140349,36.57038998212628,12.789839532518435,0.8721016046748157,0.4299999999999997,0
5.73,1.46,40.62129357476718,29.1876316258652,28.146966634278364,0.7185303336572164,0.7699999999999996,0
5.76,2.11,52.605390645587576,46.29046636392985,12.004329222080221,0.8799567077791978,0.7400000000000002,0
5.58,1.68,45.3885537052505,19.54230021208984,56.94443066197721,0.4305556933802279,0.9199999999999999,1
6.66,3.39,57.104738024044515,40.70111255981142,28.725506905094612,0.7127449309490539,0.16000000000000014,0
6.13,2.78,53.34334263306432,39.29074352650766,26.3436792913804,0.736563207086196,0.3700000000000001,0
6.83,1.78,48.34558532521296,35.75992272173933,26.032702921708168,0.7396729707829183,0.33000000000000007,0
6.21,1.44,55.77095692255547,50.06707660007832,10.22733092135689,0.8977266907864311,0.29000000000000004,0
5.8,0.56,52.85076597583189,47.26390773029276,10.57100714130415,0.8942899285869585,0.7000000000000002,0
6.11,2.17,55.513211201758764,35.65341352484197,35.774903391442784,0.6422509660855722,0.3899999999999997,0
5.96,0.99,42.09302710342174,19.002402615291846,54.85617470892906,0.4514382529107093,0.54,1
6.59,3.32,45.31921174567857,39.08396030302057,13.758516978734894,0.8624148302126511,0.08999999999999986,0
5.91,1.61,51.484000591172595,22.78489818355397,55.74373024255491,0.44256269757445094,0.5899999999999999,1
5.55,3.42,55.50733104410122,49.982107120538814,9.954043582409957,0.9004595641759005,0.9500000000000002,0
5.65,0.76,46.256067127757944,43.67218730729884,5.586034397006776,0.9441396560299322,0.8499999999999996,0
7.08,1.18,40.547598005703314,34.96125149734328,13.777256318794215,0.8622274368120578,0.5800000000000001,0
7.36,1.63,40.449725720224734,27.166960726316066,32.837713377293255,0.6716228662270675,0.8600000000000003,0
5.86,0.73,58.873901857021416,52.5243343431533,10.785029212584549,0.8921497078741545,0.6399999999999997,0
5.89,0.93,41.6397285427311,10.036633607089074,75.89649606675658,0.24103503933243423,0.6100000000000003,1
6.86,2.09,59.89623474949847,21.186299390000013,64.62832851078771,0.35371671489212286,0.3600000000000003,1
6.44,0.5,55.07420089542332,37.57510512571485,31.77367167421334,0.6822632832578666,0.05999999999999961,0
7.18,3.39,49.55661136220947,32.63969613939072,34.136545574460186,0.6586345442553981,0.6799999999999997,0
7.05,3.11,42.205254294025885,14.752551094667837,65.04570025359129,0.349542997464087,0.5499999999999998,1
6.54,3.49,50.154180012118665,45.580908449130085,9.118425546751135,0.9088157445324886,0.040000000000000036,0
6.04,0.73,49.836198859612004,34.919020825623356,29.932415343333403,0.700675846566666,0.45999999999999996,0
6.22,1.92,45.07970787075144,41.81854015231231,7.234225491853817,0.9276577450814618,0.28000000000000025,0
6.8,2.51,44.108031072033434,39.702358895811365,9.988367354296782,0.9001163264570322,0.2999999999999998,0
7.49,1.71,40.68657279045773,31.49091761630965,22.601203648946196,0.773987963510538,0.9900000000000002,0
6.82,2.49,59.08147780857462,16.31432793598626,72.38673008680476,0.27613269913195243,0.3200000000000003,1
6.35,3.26,58.78593535595092,25.639941030549142,56.384225452400486,0.4361577454759951,0.15000000000000036,1
7.11,1.97,59.03526631919824,55.85098031819281,5.39387081577356,0.9460612918422644,0.6100000000000003,0
6.11,1.47,43.40150711979142,39.47562878845881,9.045488490749609,0.9095451150925039,0.3899999999999997,0
5.64,3.09,49.17347302027472,39.06821863207795,20.55021491776729,0.794497850822327,0.8600000000000003,0
7.38,0.74,47.11241440937605,29.62287031667007,37.12300528844327,0.6287699471155673,0.8799999999999999,0
7.24,3.33,43.38649347145207,15.886496505607592,63.38377399394868,0.3661622600605132,0.7400000000000002,1
6.31,1.23,41.576466606005695,36.42450138407693,12.391541760272057,0.8760845823972794,0.1900000000000004,0
5.61,1.49,53.57766996527067,47.29092418825871,11.733891714751813,0.8826610828524819,0.8899999999999997,0
6.55,0.53,42.351867173389735,15.796021344374557,62.70289269725653,0.3729710730274347,0.04999999999999982,1
7.17,2.02,46.496206680634145,35.99704740810711,22.580679203880045,0.7741932079611996,0.6699999999999999,0
6.66,2.7,43.389998894135,10.389015375078992,76.05665904618571,0.2394334095381429,0.16000000000000014,1
6.53,1.73,51.52298685185006,36.207821336057016,29.72491785041595,0.7027508214958404,0.03000000000000025,0
6.26,1.87,42.514405085164185,28.287742165231176,33.46315887858335,0.6653684112141666,0.2400000000000002,0
6.47,3.42,46.35925328546237,14.48748683620695,68.74952504735441,0.31250474952645596,0.03000000000000025,1
5.71,2.78,58.47289066995451,18.858681732349517,67.74799139177877,0.3225200860822123,0.79,1
6.59,1.84,42.61215505239091,32.56579336792935,23.5762816316371,0.764237183683629,0.08999999999999986,0
6.85,1.59,51.39897898523049,21.517788464764656,58.1357667222382,0.418642332777618,0.34999999999999964,1
6.2,2.64,50.45741096706871,46.777732825839,7.292641597547026,0.9270735840245298,0.2999999999999998,0
6.59,2.16,46.80328946485886,41.72452168769787,10.851305186517406,0.891486948134826,0.08999999999999986,0
6.55,2.23,41.50770531472444,38.0683441449237,8.286078798436158,0.9171392120156384,0.04999999999999982,0
7.41,0.79,44.998746276395266,38.72804951049272,13.9352699459361,0.860647300540639,0.9100000000000001,0
5.67,3.19,45.73861985270607,29.347531560079325,35.83642957616918,0.6416357042383082,0.8300000000000001,0
7.21,1.78,44.345274612269925,30.535959814088386,31.14044262646336,0.6885955737353664,0.71,0
6.19,3.5,40.394713997982244,37.45170008757857,7.285641162233944,0.9271435883776605,0.3099999999999996,0
6.65,2.27,53.37702553572112,16.718136326744485,68.67915332682536,0.3132084667317464,0.15000000000000036,1
6.24,3.16,54.9541944700382,12.01785350329756,78.13114427534761,0.21868855724652397,0.2599999999999998,1
5.91,0.69,44.23211517658945,29.199499980381283,33.985747993721134,0.6601425200627887,0.5899999999999999,0
6.45,0.68,51.80707797978738,21.980397720682646,57.57259707011784,0.4242740292988216,0.04999999999999982,1
6.44,1.17,41.68155009839512,32.20960326672094,22.7245551312615,0.772754448687385,0.05999999999999961,0
5.77,3.19,47.31425063312934,34.04644698516614,28.041876327790998,0.7195812367220901,0.7300000000000004,0
5.69,1.65,50.18404552781825,31.213326087428513,37.80229202500982,0.6219770797499018,0.8099999999999996,0
6.25,2.39,54.41194488884851,20.96557116133414,61.46880762273407,0.3853119237726594,0.25,1
6.74,2.72,52.35907380593861,33.16153830841839,36.66515486632388,0.6333484513367611,0.2400000000000002,0
6.29,2.96,59.91229059224402,51.70624043140586,13.696772531512055,0.8630322746848794,0.20999999999999996,0
6.14,1.4,40.54823724334628,35.67438911319905,12.019876723363602,0.879801232766364,0.3600000000000003,0
6.05,2.47,52.217754306227846,47.12489206176575,9.75312384097431,0.9024687615902569,0.4500000000000002,0
6.93,2.63,45.47235217805568,31.700203719755862,30.286861793232816,0.6971313820676718,0.4299999999999997,0
5.64,2.02,57.37421712054693,54.194323310404755,5.542374205230571,0.9445762579476943,0.8600000000000003,0
6.62,1.73,54.75116573539172,48.254472357991446,11.865853977974293,0.8813414602202571,0.1200000000000001,0
6.89,2.58,49.892246632205755,46.312827703400615,7.174298955089753,0.9282570104491025,0.3899999999999997,0
7.21,2.81,54.365958601295596,19.770025029402998,63.63528660574035,0.3636471339425965,0.71,1
6.61,2.72,46.2163097117546,17.21299659289864,62.75557979368329,0.3724442020631671,0.11000000000000032,1
6.97,2.14,46.84525911401393,16.719223060547467,64.309679620182,0.35690320379818014,0.46999999999999975,1
5.97,1.32,40.698746773417156,36.419385023316025,10.514726101827401,0.894852738981726,0.5300000000000002,0
7.41,3.13,48.0278580055687,13.243267199419709,72.4258633439697,0.2757413665603031,0.9100000000000001,1
7.03,2.98,51.72808474489344,38.429122932091616,25.709364416618357,0.7429063558338165,0.5300000000000002,0
7.02,1.55,58.66098544007458,46.875168163080644,20.091406901157153,0.7990859309884285,0.5199999999999996,0
6.65,3.21,43.39474138975592,14.44858259963828,66.7043007126916,0.3329569928730839,0.15000000000000036,1
6.29,0.94,51.737696939094896,40.05500484984063,22.580618737256543,0.7741938126274346,0.20999999999999996,0
5.9,0.91,47.95271611501878,45.480396912594834,5.155743830013451,0.9484425616998655,0.5999999999999996,0
5.94,2.31,53.904044838224486,17.099956720629773,68.27704345388227,0.31722956546117737,0.5599999999999996,1
6.04,3.3,43.57897162780794,10.116572689397536,76.78565530228781,0.232143446977122,0.45999999999999996,1
5.72,3.3,44.540486241071335,39.42151118222974,11.492858499872687,0.8850714150012732,0.7800000000000002,0
6.42,3.5,57.8985986260363,41.85733587364967,27.70578758908523,0.7229421241091477,0.08000000000000007,0
6.76,1.99,59.175289174102005,55.19944711519348,6.718753916370465,0.9328124608362953,0.2599999999999998,0
6.13,1.53,41.23296100965298,15.50597354894506,62.394227411136015,0.37605772588863995,0.3700000000000001,1
6.43,1.51,54.284363959921095,43.04718870228606,20.700574599955893,0.7929942540004411,0.07000000000000028,0
5.87,3.35,40.71386132868254,36.99132149599903,9.143175594747664,0.9085682440525233,0.6299999999999999,0
6.04,1.05,42.16075536800772,15.171817833329465,64.01435956045016,0.3598564043954984,0.45999999999999996,1
7.32,1.24,43.47664244209832,33.143485531504,23.767145598595604,0.7623285440140439,0.8200000000000003,0
7.05,1.69,54.372947455445136,36.662003699089,32.57308015326745,0.6742691984673255,0.5499999999999998,0
6.76,3.25,54.306651770170454,35.188945448282,35.20324987590088,0.6479675012409911,0.2599999999999998,0
6.63,2.21,58.2172662861766,23.939205955722482,58.87954298979731,0.41120457010202704,0.1299999999999999,1
5.92,2.46,57.585055348423616,52.85594407402976,8.212393381893863,0.9178760661810614,0.5800000000000001,0
6.0,1.1,46.60349979201794,32.7218300252094,29.786753846298335,0.7021324615370166,0.5,0
5.74,3.13,48.18632820171639,34.11839244437949,29.19486975319237,0.7080513024680762,0.7599999999999998,0
6.71,3.02,53.71273282136674,42.007422663227075,21.792430850741102,0.7820756914925889,0.20999999999999996,0
6.69,0.65,52.66761742745583,45.102399399143266,14.364078722058892,0.8563592127794111,0.1900000000000004,0
6.17,2.78,47.76425974145166,16.229868320972212,66.0208942652422,0.339791057347578,0.33000000000000007,1
5.53,3.41,56.596184948131764,25.198005228201495,55.47755515447817,0.44522444845521836,0.9699999999999998,1
6.78,3.46,41.960214531929964,38.90710204077115,7.276208010889751,0.9272379198911025,0.28000000000000025,0
6.02,1.66,47.04773180370905,43.78887770271262,6.9266975814964065,0.9307330241850359,0.4800000000000004,0
5.64,0.58,57.81330911716159,35.734603143106355,38.18965963237223,0.6181034036762777,0.8600000000000003,0
7.02,2.99,56.67107595462931,27.693873791975086,51.13226046008599,0.48867739539914007,0.5199999999999996,1
7.24,2.04,52.467814908834,13.463623980367757,74.33927064856499,0.25660729351435,0.7400000000000002,1
6.77,2.07,53.4888443720573,46.78482372982493,12.53349314410421,0.8746650685589579,0.2699999999999996,0
7.36,0.98,50.71239254149459,21.87040124340468,56.87365524016722,0.43126344759832774,0.8600000000000003,1
5.67,2.6,49.89925865352759,11.93187487368243,76.08807185587533,0.23911928144124672,0.8300000000000001,1
7.26,1.64,46.632738663871166,16.08720989620558,65.50232656897505,0.34497673431024944,0.7599999999999998,1
6.63,2.35,50.38940881152744,11.45183618017145,77.2733269743152,0.22726673025684807,0.1299999999999999,1
6.16,2.88,54.51453223713676,50.780952959855206,6.848777975459069,0.9315122202454094,0.33999999999999986,0
5.98,0.54,43.95731185887732,41.15015126851311,6.386106137191577,0.9361389386280843,0.5199999999999996,0
6.9,1.29,58.6843209280532,52.20862142176999,11.034803511183839,0.8896519648881617,0.40000000000000036,0
5.7,1.06,46.43611749218768,43.36160305978482,6.620954977383946,0.9337904502261606,0.7999999999999998,0
7.1,2.87,51.40700821120176,44.890423967496645,12.676451072453448,0.8732354892754655,0.5999999999999996,0
7.04,1.11,55.83032042447212,51.449011603321665,7.8475437501340135,0.9215245624986599,0.54,0
6.32,0.72,58.382835931546495,43.623338441319454,25.28054222568506,0.7471945777431495,0.17999999999999972,0
6.2,3.35,49.52176974341262,32.999877525243285,33.36288727921941,0.6663711272078059,0.2999999999999998,0
7.38,2.56,54.57114742427432,34.29015845174185,37.16430738546481,0.6283569261453519,0.8799999999999999,0
5.66,2.32,43.4101511602614,12.567286028258334,71.0498911144942,0.289501088855058,0.8399999999999999,1
6.19,2.22,48.13714292609151,32.097154593776395,33.32143820197739,0.6667856179802261,0.3099999999999996,0
7.32,1.97,51.45985941219416,46.02855371733775,10.55445109430164,0.8944554890569836,0.8200000000000003,0
6.18,2.07,53.83286068904796,38.61658525207833,28.26577529450392,0.7173422470549607,0.3200000000000003,0
6.13,2.49,51.9249594400233,47.01756303769678,9.450939307896581,0.9054906069210342,0.3700000000000001,0
6.44,2.33,48.0409608115763,15.245401712449974,68.2658267967523,0.317341732032477,0.05999999999999961,1
5.98,0.65,57.46484377125945,38.91357447394979,32.28281516113322,0.6771718483886678,0.5199999999999996,0
5.53,1.24,44.3484367869503,14.267854247494007,67.82783051398921,0.3217216948601079,0.9699999999999998,1
7.23,0.99,56.97414782179797,44.98846872614209,21.037048475291513,0.7896295152470849,0.7300000000000004,0
6.45,3.04,53.4226885847297,41.6896150271126,21.962716344775785,0.7803728365522422,0.04999999999999982,0
7.1,0.52,40.91616314826422,26.86841162109766,34.33301279072279,0.6566698720927722,0.5999999999999996,0
5.72,2.23,43.194582983442395,9.631204291426004,77.70274968248242,0.2229725031751758,0.7800000000000002,1
6.41,2.85,47.3901376445912,31.557219588382182,33.4097321576699,0.665902678423301,0.08999999999999986,0
6.84,2.27,51.668349675550445,49.07457823685253,5.020039259982966,0.9497996074001703,0.33999999999999986,0
5.96,3.18,50.935908986297655,47.7478139680829,6.25903234410205,0.9374096765589794,0.54,0
7.32,0.89,42.04926808036911,33.03368348393526,21.440526810602947,0.7855947318939706,0.8200000000000003,0
6.43,2.66,43.55485148417012,31.720673974716817,27.170744718884876,0.7282925528111512,0.07000000000000028,0
5.55,2.37,46.93897062240407,29.789008747462976,36.536723425194545,0.6346327657480545,0.9500000000000002,0
6.68,1.3,46.78972295494117,16.255460747125024,65.25848045140351,0.3474151954859649,0.17999999999999972,1
6.89,2.4,55.40884613403971,50.4696949650735,8.91401195581279,0.9108598804418722,0.3899999999999997,0
7.08,1.98,50.82948151643402,13.362461578717571,73.7111983438248,0.2628880165617519,0.5800000000000001,1
5.83,0.55,57.583979471978935,35.504860000463154,38.34246898872237,0.6165753101127762,0.6699999999999999,0
5.88,2.37,41.95704506368216,36.31939358256752,13.436721943973517,0.8656327805602648,0.6200000000000001,0
6.29,0.97,41.78648023868585,39.211681268578545,6.161799116364815,0.9383820088363518,0.20999999999999996,0
6.84,0.84,40.46275052881435,34.866744613845114,13.830018577170634,0.8616998142282937,0.33999999999999986,0
7.13,2.33,48.21660115167898,38.53379106976679,20.081900944141967,0.7991809905585804,0.6299999999999999,0
7.08,3.22,45.44701667578212,18.117423510025215,60.13506532392553,0.3986493467607447,0.5800000000000001,1
7.0,1.88,52.72715701553083,45.93496616935366,12.88176952945998,0.8711823047054001,0.5,0
5.6,3.09,51.01356853481446,40.262285270066094,21.075340489875945,0.7892465951012405,0.9000000000000004,0
6.04,2.96,46.59335606982391,17.594675362620357,62.23780202427721,0.3776219797572279,0.45999999999999996,1
5.58,3.2,44.16211752777251,32.36902189224121,26.70409911416703,0.7329590088583297,0.9199999999999999,0
7.19,0.9,56.92505256901241,50.98138975226163,10.441207427160567,0.8955879257283943,0.6900000000000004,0
5.76,1.33,59.72014008396653,46.65953984204267,21.869674490985204,0.781303255090148,0.7400000000000002,0
6.82,1.5,43.59748887664697,31.699250424020853,27.291109555163896,0.727088904448361,0.3200000000000003,0
6.25,0.86,56.70057805632351,21.697914365760138,61.73246356640928,0.3826753643359071,0.25,1
5.69,3.28,58.48756335929642,22.117258050689937,62.184682041170284,0.3781531795882973,0.8099999999999996,1
7.12,1.27,55.40581896744189,50.5278941194692,8.80399376614052,0.9119600623385948,0.6200000000000001,0
5.73,3.42,46.27035642821069,18.539441086759226,59.93235730629499,0.4006764269370501,0.7699999999999996,1
6.58,3.09,58.202193441804795,18.25609691584509,68.63331803104809,0.31366681968951904,0.08000000000000007,1
6.24,0.79,49.578719407209434,20.547915654211746,58.554968946568245,0.4144503105343175,0.2599999999999998,1
7.24,1.68,57.6674642049922,24.88862969079826,56.84112344124248,0.4315887655875752,0.7400000000000002,1
7.27,3.4,56.75730104824269,34.26900835024944,39.62185002221758,0.6037814997778241,0.7699999999999996,0
5.94,2.45,58.62285471947209,26.360825325968026,55.033194046737464,0.44966805953262545,0.5599999999999996,1
6.71,1.07,44.13493575914759,39.86689620193642,9.670433373920922,0.9032956662607908,0.20999999999999996,0
5.58,3.09,41.12329999932308,18.946271153507713,53.928135257093714,0.4607186474290629,0.9199999999999999,1
6.55,1.59,58.635048427521305,53.02335231211306,9.570549127020595,0.904294508729794,0.04999999999999982,0
6.27,3.07,41.32293304264108,36.339035708194636,12.060850882253613,0.8793914911774638,0.23000000000000043,0
6.58,3.28,45.85364289017733,42.59118357821909,7.114940288980011,0.9288505971101999,0.08000000000000007,0
7.2,0.88,47.11301909188758,32.28827454343152,31.466343771224675,0.6853365622877532,0.7000000000000002,0
7.45,1.57,50.087241554240336,36.37323162818423,27.380245947872712,0.7261975405212728,0.9500000000000002,0
5.56,3.28,41.71880810435409,31.807055503947485,23.758475015905688,0.7624152498409431,0.9400000000000004,0
6.62,1.06,48.691754348832106,41.74318215443647,14.270531607087808,0.8572946839291219,0.1200000000000001,0
6.06,2.98,48.13140745547755,33.01344836963058,31.40975900160693,0.6859024099839307,0.4400000000000004,0
7.29,3.22,45.14835031075449,40.04367043695228,11.306459347167449,0.8869354065283255,0.79,0
5.61,1.68,42.85299506603484,27.13267328807036,36.68430118767676,0.6331569881232324,0.8899999999999997,0
7.5,0.58,56.26562495796283,47.89519641321627,14.87662947136955,0.8512337052863045,1.0,0
7.38,2.18,56.92863468894564,50.350940226345394,11.554281072329143,0.8844571892767086,0.8799999999999999,0
5.52,1.91,45.130352663777884,12.787837865215952,71.6646622274689,0.28335337772531105,0.9800000000000004,1
5.58,2.31,58.515725220275954,36.84070939462025,37.04135212212189,0.629586478778781,0.9199999999999999,0
6.36,1.85,46.85202474667648,10.411201275016808,77.77854568439896,0.2222145431560104,0.13999999999999968,1
6.03,3.15,53.53461684351009,47.36154428157558,11.530992329653445,0.8846900767034656,0.46999999999999975,0
5.58,2.19,40.44378316445379,35.9899531913035,11.012397022899632,0.8898760297710037,0.9199999999999999,0
5.54,2.71,58.03905938293352,23.266902204081095,59.91164837705353,0.40088351622946466,0.96,1
6.49,1.22,48.59928133556284,12.249881163136862,74.79411047551247,0.2520588952448754,0.009999999999999787,1
6.04,3.07,56.45285829623826,43.30564976150767,23.28882705237028,0.7671117294762972,0.45999999999999996,0
6.32,3.25,57.72327445481091,52.19562637178378,9.576116627539019,0.9042388337246098,0.17999999999999972,0
7.14,2.76,40.05358045602703,25.19434867700241,37.09838573692028,0.6290161426307972,0.6399999999999997,0
6.45,1.83,44.05502315790345,38.60038831695055,12.381414081663785,0.8761858591833621,0.04999999999999982,0
5.6,2.55,40.18195388640621,27.77853960072191,30.868121348077228,0.6913187865192277,0.9000000000000004,0
7.4,3.35,48.58598061453844,23.874030548521244,50.86230586158553,0.4913769413841446,0.9000000000000004,1
5.51,0.53,44.54033290229146,19.62234086001268,55.94478177103348,0.4405521822896652,0.9900000000000002,1
6.79,1.22,40.68625326242971,14.84225814192446,63.52021394992883,0.3647978605007117,0.29000000000000004,1
6.96,3.48,49.619042175643195,33.44304657756855,32.60037858210623,0.6739962141789376,0.45999999999999996,0
6.28,2.68,50.524530045784786,43.70277584246173,13.501865721741998,0.86498134278258,0.21999999999999975,0
5.87,0.58,43.065993092975795,37.167258786428164,13.696965709841564,0.8630303429015843,0.6299999999999999,0
7.05,2.3,43.42711865770368,39.07202190394582,10.028518788191116,0.8997148121180888,0.5499999999999998,0
7.13,2.05,46.52868298574192,34.997826750663634,24.782253644728698,0.752177463552713,0.6299999999999999,0
7.05,2.45,53.287083139948855,18.21038968892914,65.82588384298901,0.3417411615701099,0.5499999999999998,1
7.37,1.35,44.571557065455885,19.10242909665635,57.142109555196065,0.42857890444803937,0.8700000000000001,1
6.3,0.67,50.309232010823706,46.694839494079005,7.184352398714987,0.9281564760128501,0.20000000000000018,0
6.67,2.37,50.76925426345187,35.75626371174884,29.57102831134292,0.7042897168865707,0.16999999999999993,0
7.47,1.57,45.47479579305646,40.02495783071987,11.984304420271247,0.8801569557972876,0.9699999999999998,0
6.64,2.27,43.268107326727325,40.83332321215804,5.627202725054908,0.9437279727494509,0.13999999999999968,0
6.97,1.34,52.91176297978258,22.126970033131432,58.181378228531,0.41818621771469,0.46999999999999975,1
6.25,3.12,41.53535284451891,36.539366816325156,12.028273954709007,0.8797172604529099,0.25,0
7.06,2.06,43.96645327010348,41.42754820785197,5.774641512823426,0.9422535848717657,0.5599999999999996,0
6.63,0.83,50.935106874618924,47.32210570516711,7.093341687385718,0.9290665831261428,0.1299999999999999,0
7.13,2.25,42.577817689735845,38.21772253019033,10.240297403961582,0.8975970259603842,0.6299999999999999,0
7.22,3.12,49.07104152839075,12.774653571136653,73.96702174388189,0.2603297825611811,0.7199999999999998,1
7.18,2.33,47.73232583707301,40.66474122524739,14.80670486485352,0.8519329513514649,0.6799999999999997,0
5.65,2.81,40.04310671517261,31.2881223628213,21.863898859360944,0.7813610114063906,0.8499999999999996,0
6.84,0.82,46.18101524698111,35.75105826802632,22.584945184020413,0.7741505481597959,0.33999999999999986,0
5.94,2.52,52.671330238904204,37.18583629505765,29.400233245692036,0.7059976675430797,0.5599999999999996,0
5.97,2.89,45.384186063505794,32.26037635786162,28.917142388055865,0.7108285761194413,0.5300000000000002,0
6.1,2.84,43.74404031583632,30.661273798385736,29.90754037119505,0.7009245962880495,0.40000000000000036,0
6.7,2.61,46.77792215441784,40.5113838307389,13.396358869880046,0.8660364113011996,0.20000000000000018,0
7.11,3.27,41.353842478462525,17.240445617972696,58.30993062627328,0.41690069373726724,0.6100000000000003,1
7.47,0.79,55.861436449983515,37.6477881457952,32.605048243784815,0.6739495175621519,0.9699999999999998,0
6.33,1.3,51.36233609452819,17.347421293172093,66.22540442622085,0.3377459557377916,0.16999999999999993,1
7.48,3.41,41.25508350753556,13.371684569273194,67.58778935247882,0.3241221064752118,0.9800000000000004,1
6.73,3.1,59.144956825790956,19.695912506632855,66.69891472801925,0.3330108527198077,0.23000000000000043,1
7.13,1.22,50.121196867632634,16.629736702975663,66.82095053138117,0.3317904946861883,0.6299999999999999,1
6.27,1.3,56.32000010562727,49.67793715287894,11.79343561841486,0.8820656438158514,0.23000000000000043,0
7.16,1.4,52.20481769761549,48.67850164567542,6.754771317018007,0.93245228682982,0.6600000000000001,0
6.09,1.58,48.32742906154455,29.027197487990353,39.936392124181744,0.6006360787581826,0.41000000000000014,0
6.52,2.64,44.54069904266103,16.287857674164965,63.43151763611866,0.3656848236388134,0.019999999999999574,1
6.9,0.76,43.06286473239774,34.218162507536306,20.539047459625344,0.7946095254037465,0.40000000000000036,0
6.99,2.72,59.92364068469625,42.978201077141165,28.278387984998947,0.7172161201500105,0.4900000000000002,0
7.31,1.92,45.17930093980654,19.27272435037368,57.34169420626674,0.42658305793733264,0.8099999999999996,1
5.54,3.18,50.29950457550655,44.21902401980308,12.088549593119405,0.879114504068806,0.96,0
6.92,2.64,52.1026569561431,38.43686782095957,26.2285839792903,0.737714160207097,0.41999999999999993,0
5.98,2.71,52.83851504944913,25.53302788954641,51.67724175130351,0.4832275824869648,0.5199999999999996,1
6.04,1.85,58.833980696691334,19.795754405681805,66.35319560011504,0.33646804399884955,0.45999999999999996,1
5.84,0.75,40.49177422831871,26.41255678402941,34.77056195389612,0.6522943804610387,0.6600000000000001,0
6.76,0.62,59.522218606573134,27.90039979187775,53.12607553106788,0.46873924468932116,0.2599999999999998,1
6.68,2.19,46.775179843833186,41.4195920732008,11.449635872086253,0.8855036412791375,0.17999999999999972,0
7.45,0.56,48.78544898446002,32.60351509996141,33.169590977123434,0.6683040902287657,0.9500000000000002,0
6.64,0.83,56.69201631801835,48.81150247988072,13.900570750440872,0.8609942924955913,0.13999999999999968,0
6.97,3.16,45.242781367467856,27.6454950873581,38.895235324243814,0.6110476467575618,0.46999999999999975,0
5.74,2.64,43.84361591431187,16.326457885332108,62.76206342734003,0.37237936572659974,0.7599999999999998,1
7.02,1.98,55.00682579624864,20.928242506842683,61.953371779053015,0.3804662822094699,0.5199999999999996,1
7.5,2.46,42.52375498130434,28.4943655925995,32.991887463543364,0.6700811253645664,1.0,0
7.05,1.94,58.823583632372426,42.85973961055451,27.138509822160035,0.7286149017783997,0.5499999999999998,0
5.72,1.04,46.89028124666047,21.53062714282783,54.08296437897514,0.4591703562102486,0.7800000000000002,1
6.55,1.0,56.14653293176831,22.785217295206586,59.41830046229896,0.40581699537701044,0.04999999999999982,1
6.83,0.71,48.74560611972781,44.761176154785424,8.17392639483428,0.9182607360516571,0.33000000000000007,0
6.78,1.74,42.9150762584974,18.52804839948719,56.826248454309706,0.4317375154569029,0.28000000000000025,1
6.31,0.89,48.04238295657736,14.361470375605526,70.10666521561598,0.2989333478438403,0.1900000000000004,1
6.65,2.8,47.44323486157612,17.47457731812095,63.16739916848827,0.3683260083151173,0.15000000000000036,1
6.0,1.85,58.05674453012567,53.23038828340317,8.31317065016985,0.9168682934983015,0.5,0
7.1,1.21,56.02846448565036,52.87870875712694,5.621706319169461,0.9437829368083054,0.5999999999999996,0
6.35,1.1,59.77733697773279,51.161801983809724,14.412711287443889,0.8558728871255611,0.15000000000000036,0
7.44,1.11,52.54451634999672,45.425516325949886,13.54851184969995,0.8645148815030005,0.9400000000000004,0
5.53,3.06,51.6826188230462,45.68524899035822,11.60422975705257,0.8839577024294742,0.9699999999999998,0
7.1,2.05,53.31908541153714,47.937431018143016,10.093298397480847,0.8990670160251916,0.5999999999999996,0
5.75,2.14,58.30799565345201,49.957908873636484,14.320654802547953,0.8567934519745205,0.75,0
5.98,0.63,56.73470082168326,25.924185542757186,54.30629726199366,0.4569370273800633,0.5199999999999996,1
6.43,2.52,44.06204157914792,41.61371824883889,5.556536289656817,0.9444346371034318,0.07000000000000028,0
5.87,2.7,55.801391919267786,48.04164969074319,13.90600119751711,0.8609399880248289,0.6299999999999999,0
5.78,3.26,51.540273198404485,24.045212988284415,53.34674906413035,0.4665325093586965,0.7199999999999998,1
6.49,1.34,44.92362292206594,16.98976589846651,62.180775295125756,0.3781922470487424,0.009999999999999787,1
6.1,3.15,54.53750856163204,23.996936699376302,55.99920617521844,0.4400079382478156,0.40000000000000036,1
6.56,0.85,45.35215164319408,41.428844470473486,8.650763041160706,0.913492369588393,0.05999999999999961,0
6.34,3.49,42.529403356617664,38.9902439570831,8.321676581865004,0.91678323418135,0.16000000000000014,0
5.97,1.82,49.54015159527809,23.601823131126526,52.358193563993595,0.47641806436006406,0.5300000000000002,1
7.07,0.69,47.575429985309256,44.32078797604834,6.8410143855051135,0.9315898561449488,0.5700000000000003,0
5.78,0.74,42.01368690028864,35.85341708497487,14.662530879363139,0.8533746912063686,0.7199999999999998,0
6.59,0.75,46.982052199725906,15.14022874240029,67.77444144406995,0.3222555855593004,0.08999999999999986,1
7.34,0.51,46.8466961823012,34.74415982937856,25.83434337786879,0.7416565662213122,0.8399999999999999,0
5.56,0.58,47.01129989491344,28.912284174428812,38.499287960431225,0.6150071203956877,0.9400000000000004,0
6.11,1.44,46.2720896788645,30.752514557147,33.53981899115811,0.664601810088419,0.3899999999999997,0
6.63,1.91,52.495466918212145,34.115523436573305,35.0124392840905,0.649875607159095,0.1299999999999999,0
6.34,2.41,51.9248316375173,34.615025785929504,33.33627727948361,0.6666372272051639,0.16000000000000014,0
5.55,2.12,48.925418418896776,12.718839452230908,74.00361639560668,0.25996383604393314,0.9500000000000002,1
7.07,1.27,44.66803806693444,39.830972483189875,10.828918826692794,0.8917108117330721,0.5700000000000003,0
6.46,2.27,53.6909173540314,48.82108677960676,9.070119890695045,0.9092988010930495,0.040000000000000036,0
7.08,1.63,54.011899977630286,48.51500269442384,10.177196664962821,0.8982280333503718,0.5800000000000001,0
6.4,1.62,59.397798879368665,38.38243476016215,35.38071193831061,0.6461928806168938,0.09999999999999964,0
6.1,2.85,55.326605286817745,49.72937376184407,10.116708762370575,0.8988329123762943,0.40000000000000036,0
5.8,1.57,42.65797963824423,18.9712514571792,55.52707461051233,0.4447292538948768,0.7000000000000002,1
6.58,2.21,44.84136016468754,19.475517882845068,56.56795910891662,0.4343204089108338,0.08000000000000007,1
7.41,2.84,40.39666547322614,12.865676003521404,68.15163862460767,0.3184836137539233,0.9100000000000001,1
7.48,3.45,58.867293205594194,27.518809880470705,53.25280239340854,0.46747197606591456,0.9800000000000004,1
6.49,1.66,41.97735377186046,38.97675994641264,7.148125252857803,0.9285187474714219,0.009999999999999787,0
6.22,1.2,48.21158002822966,34.46691007100848,28.50906348469221,0.7149093651530779,0.28000000000000025,0
5.76,3.18,58.22496139560897,38.06132510296914,34.63057047927982,0.6536942952072019,0.7400000000000002,0
6.84,1.28,50.162328315039744,43.15795585933905,13.963411769307038,0.8603658823069296,0.33999999999999986,0
7.04,3.25,55.429228181769815,36.0735170618723,34.91968363049197,0.6508031636950803,0.54,0
6.5,0.95,59.060574619191456,54.46776120861156,7.7764455225728195,0.9222355447742718,0.0,0
7.02,2.13,45.888814565237695,41.552722230806815,9.449126928886969,0.9055087307111304,0.5199999999999996,0
7.4,2.66,47.452623717377364,42.80067723394654,9.803349359852705,0.9019665064014729,0.9000000000000004,0
7.49,1.77,52.84058450848188,36.853160580323,30.25595586587921,0.697440441341208,0.9900000000000002,0
6.45,1.74,50.384350845688886,46.36100130523123,7.985315823121128,0.9201468417687887,0.04999999999999982,0
7.44,2.37,40.087440523934056,34.64623001769366,13.5733547343631,0.864266452656369,0.9400000000000004,0
6.12,3.21,52.71906854679234,34.1047044989547,35.30859812387603,0.6469140187612397,0.3799999999999999,0
5.67,2.58,54.112018105816205,47.706002765824785,11.838433612777921,0.8816156638722208,0.8300000000000001,0
6.24,0.57,50.106608744038084,33.95465784264671,32.23517078136566,0.6776482921863435,0.2599999999999998,0
6.2,2.58,54.55761003767181,38.94076777859983,28.62449848570825,0.7137550151429175,0.2999999999999998,0
7.07,3.37,47.482606297084104,28.940247226503494,39.05084517595087,0.6094915482404913,0.5700000000000003,0
6.55,2.58,54.401133337327494,36.44375153730981,33.009205320537276,0.6699079467946272,0.04999999999999982,0
5.95,3.41,50.50119680201556,30.47719785939318,39.65054337449524,0.6034945662550476,0.5499999999999998,0
5.64,0.81,53.26944676722323,19.205580783656032,63.94634833062833,0.3605365166937167,0.8600000000000003,1
5.96,1.13,47.165694935469226,18.09614783897682,61.63281837840944,0.3836718162159056,0.54,1
7.09,2.3,58.5371814468478,53.42514315007797,8.732976495309385,0.9126702350469061,0.5899999999999999,0
5.74,1.14,50.86059117830536,32.92375798273864,35.266662813030166,0.6473333718696983,0.7599999999999998,0
7.47,2.77,57.55364147568529,37.56881429677537,34.72382748770625,0.6527617251229374,0.9699999999999998,0
7.38,2.19,48.040161640404285,18.933548179055894,60.588083943639795,0.3941191605636021,0.8799999999999999,1
6.53,3.15,58.22808261062262,50.979342030167025,12.448873903213842,0.8755112609678616,0.03000000000000025,0
7.09,0.87,48.34600944747555,19.832647678201486,58.97769452978694,0.4102230547021306,0.5899999999999999,1
7.41,3.1,49.80420646794157,31.13742430291706,37.480332463564324,0.6251966753643567,0.9100000000000001,0
5.56,2.75,54.60247173466591,16.46675627581092,69.84247094924727,0.3015752905075273,0.9400000000000004,1
7.07,2.37,58.76060219284457,53.97328491901056,8.147154888104561,0.9185284511189544,0.5700000000000003,0
5.91,1.74,51.97280654540738,35.50264248691357,31.689964720500953,0.6831003527949905,0.5899999999999999,0
6.67,2.0,44.54440533327998,14.050502593459013,68.4573124540926,0.31542687545907394,0.16999999999999993,1
6.47,0.88,43.73403624077461,12.082495279597122,72.37278715122974,0.27627212848770255,0.03000000000000025,1
6.3,1.16,56.976899166106705,17.78565584858721,68.7844440310167,0.3121555596898329,0.20000000000000018,1
5.51,2.22,47.70867367398078,10.97408432199527,76.99771660602612,0.23002283393973882,0.9900000000000002,1
5.79,2.35,48.908964268073305,31.427209118746074,35.74345809800543,0.6425654190199457,0.71,0
5.51,0.79,48.86402810069064,31.998294684178028,34.5156428400839,0.6548435715991611,0.9900000000000002,0
5.58,2.28,47.141594723113315,34.103598001004755,27.65709730162371,0.7234290269837629,0.9199999999999999,0
5.92,1.43,57.61106007154822,53.29157778958361,7.497661519507134,0.9250233848049286,0.5800000000000001,0
6.38,2.1,51.17169090220805,46.763143936307415,8.61520674453696,0.9138479325546304,0.1200000000000001,0
6.18,2.88,50.598767450169284,23.55824914456304,53.44106125161311,0.46558938748386886,0.3200000000000003,1
5.52,3.19,50.4963205139808,13.161292699064932,73.93613521717688,0.26063864782823126,0.9800000000000004,1
6.29,3.45,57.68300566943891,49.33215693030346,14.477138703539891,0.8552286129646011,0.20999999999999996,0
5.67,1.74,51.90510706224019,48.753762682048574,6.071357056277319,0.9392864294372268,0.8300000000000001,0
7.45,1.9,48.9841675673097,44.06233770626458,10.047797289362888,0.8995220271063711,0.9500000000000002,0
7.14,0.76,54.774293661602634,34.20554238997303,37.55183297972588,0.6244816702027411,0.6399999999999997,0
6.02,2.09,57.00496363331497,51.589413455230556,9.500137940478306,0.904998620595217,0.4800000000000004,0
6.58,3.36,43.10465104282047,37.77134625897159,12.372921842124967,0.8762707815787504,0.08000000000000007,0
6.34,2.22,43.58242509041411,40.86655462439264,6.231572613013732,0.9376842738698626,0.16000000000000014,0
5.94,3.36,52.88099613029168,46.74521443440061,11.602999460852299,0.883970005391477,0.5599999999999996,0
6.31,2.23,48.95099254168173,45.26086058416569,7.538421114493017,0.9246157888550698,0.1900000000000004,0
6.7,1.94,54.466283046318026,36.15380143367296,33.62168407392912,0.6637831592607087,0.20000000000000018,0
6.74,2.57,46.73092679386782,32.553819656058025,30.33774014443506,0.6966225985556493,0.2400000000000002,0
7.41,1.82,46.73924260169252,32.71811260490024,29.998624745118452,0.7000137525488155,0.9100000000000001,0
6.89,2.16,47.606824228595926,32.65452585757567,31.407888707768244,0.6859211129223176,0.3899999999999997,0
7.01,0.72,47.933634254975836,13.462591750212841,71.9141017378307,0.2808589826216929,0.5099999999999998,1
6.21,1.94,54.158995568625386,26.546942767953254,50.98331774946718,0.49016682250532817,0.29000000000000004,1
6.48,2.51,50.54826345988159,15.971734108965872,68.4030013777979,0.315969986222021,0.019999999999999574,1
5.75,2.75,49.07449533103376,10.728731052562189,78.13786778612565,0.21862132213874338,0.75,1
5.71,1.72,53.65337725749873,12.983265255194526,75.8015880475074,0.24198411952492613,0.79,1
6.16,2.07,53.680899905932684,50.856536257346725,5.261394003333049,0.9473860599666695,0.33999999999999986,0
6.27,2.23,48.12465958173158,15.416850267462403,67.96475985190192,0.32035240148098076,0.23000000000000043,1
7.11,1.48,57.77503900199995,39.562794568576805,31.522686523487604,0.684773134765124,0.6100000000000003,0
6.83,3.13,48.62042550008697,44.88948247750394,7.673612446226645,0.9232638755377336,0.33000000000000007,0
5.87,2.04,53.997831391432314,43.16710898343935,20.0576988536459,0.799423011463541,0.6299999999999999,0
6.93,0.58,44.258096122863975,41.37294784827136,6.518916373138185,0.9348108362686182,0.4299999999999997,0
7.3,3.14,46.17060162617469,33.944418398370004,26.48045032376946,0.7351954967623054,0.7999999999999998,0
7.5,1.45,43.13256333272766,21.498198986400197,50.15784519792723,0.49842154802072763,1.0,1
7.1,1.03,58.86526123972489,54.07773346871752,8.133027307074164,0.9186697269292583,0.5999999999999996,0
6.15,2.92,54.20787528572782,48.712322744602574,10.137922787341108,0.898620772126589,0.34999999999999964,0
6.84,1.47,52.535020433428436,23.13364505403342,55.965287796265315,0.44034712203734677,0.33999999999999986,1
5.73,2.94,47.325978405182546,13.22138843669628,72.06314822801754,0.2793685177198247,0.7699999999999996,1
5.8,2.16,54.857012975570235,50.14987691437389,8.580737094257389,0.9141926290574262,0.7000000000000002,0
6.33,0.54,59.859236368814365,29.438310156624944,50.820772294446115,0.4917922770555389,0.16999999999999993,1
6.76,1.9,48.19562233466395,43.140954660388815,10.48781492886678,0.8951218507113322,0.2599999999999998,0
6.04,2.7,55.09294474088924,50.08056534126928,9.09804226874052,0.9090195773125949,0.45999999999999996,0
6.37,3.33,44.51859843207104,29.57939369395173,33.55722162034005,0.6644277837965995,0.1299999999999999,0
5.66,0.59,54.20571865808315,17.307758403147076,68.07023533380246,0.3192976466619753,0.8399999999999999,1
7.3,2.11,41.01411619327907,20.197982038415844,50.75358458723619,0.49246415412763817,0.7999999999999998,1
5.9,1.51,53.27021939058395,47.50599544308368,10.820725000654221,0.8917927499934578,0.5999999999999996,0
5.92,3.23,45.72434869343608,19.542186575847413,57.26087492930703,0.42739125070692974,0.5800000000000001,1
7.27,2.0,57.35160252351222,49.97775142901433,12.857271235751183,0.8714272876424881,0.7699999999999996,0
5.93,2.26,43.835332963977635,29.277282246517903,33.21076796524629,0.6678923203475371,0.5700000000000003,0
5.99,3.26,47.7197124212493,37.952511948913575,20.467852752579557,0.7953214724742045,0.5099999999999998,0
6.43,1.5,50.43016594813334,18.26129100863045,63.78895316860168,0.36211046831398314,0.07000000000000028,1
6.17,2.04,57.91134261312545,35.908133432316085,37.99464524212636,0.6200535475787364,0.33000000000000007,0
6.72,2.55,54.18978591178478,20.488788350714188,62.19068223656067,0.3780931776343933,0.21999999999999975,1
5.78,2.91,41.38925734376984,31.635835794623915,23.565104027202533,0.7643489597279747,0.7199999999999998,0
6.53,2.54,48.66222163053109,34.01261829856431,30.104674306064755,0.6989532569393524,0.03000000000000025,0
6.62,2.21,55.14305377125667,33.85514893570597,38.604871111884314,0.6139512888811569,0.1200000000000001,0
7.11,0.76,58.57847314788403,23.56777362136531,59.7671766523047,0.402328233476953,0.6100000000000003,1
6.57,1.98,56.44763948670631,12.36250416672314,78.09916538735942,0.21900834612640568,0.07000000000000028,1
7.16,3.23,40.42991535973118,37.047885253070156,8.365167417663162,0.9163483258233683,0.6600000000000001,0
7.13,2.15,52.57263166780123,45.91569493696405,12.662361612219433,0.8733763838778057,0.6299999999999999,0
7.39,2.83,47.66651163393491,42.41533592738659,11.01648836163182,0.8898351163836818,0.8899999999999997,0
7.48,2.53,59.03364226409224,45.580590408847705,22.78878845906392,0.7721121154093609,0.9800000000000004,0
6.55,3.33,55.70558724974945,43.72649282650592,21.50429609427986,0.7849570390572014,0.04999999999999982,0
6.22,2.32,41.848324735842,9.60630650129388,77.04494370579587,0.2295505629420412,0.28000000000000025,1
5.52,2.28,56.763026517041325,51.328017923897576,9.574909807728552,0.9042509019227145,0.9800000000000004,0
6.43,0.66,59.820281881856644,53.67995548939836,10.264622966145922,0.8973537703385408,0.07000000000000028,0
5.52,1.94,45.21463416518697,30.821100671266983,31.833793990978027,0.6816620600902197,0.9800000000000004,0
6.78,0.53,49.957474040265716,35.75817360413094,28.422774987963052,0.7157722501203695,0.28000000000000025,0
7.4,0.55,48.98154888183558,16.03957441695286,67.25384398184883,0.32746156018151173,0.9000000000000004,1
6.05,3.44,54.042590203494,18.10926132885102,66.49075986058084,0.3350924013941916,0.4500000000000002,1
6.22,2.92,59.06392793828333,16.140094727526883,72.67351615288457,0.2732648384711542,0.28000000000000025,1
7.1,3.12,57.23108944105414,43.6075799655184,23.80438605762947,0.7619561394237053,0.5999999999999996,0
7.32,1.42,48.08234513933708,41.79786485795442,13.070244937452527,0.8692975506254748,0.8200000000000003,0
6.78,3.08,50.487934975438364,18.14464473361047,64.06142429386828,0.35938575706131715,0.28000000000000025,1
6.66,3.01,52.669759267622965,38.53959458016083,26.827851283057214,0.7317214871694279,0.16000000000000014,0
5.65,2.86,57.43016933479551,23.86683990059715,58.44198236389872,0.41558017636101285,0.8499999999999996,1
7.17,1.65,40.71087652848653,25.584148409406072,37.15647858501859,0.6284352141498141,0.6699999999999999,0
6.85,2.64,40.520473777302016,37.662759023045915,7.052520584931761,0.9294747941506823,0.34999999999999964,0
6.73,1.01,49.90086138665272,38.11532783626714,23.617896009983358,0.7638210399001664,0.23000000000000043,0
7.32,1.91,57.009806556013984,19.204467699008504,66.31374695134338,0.3368625304865662,0.8200000000000003,1
6.57,1.28,43.806779712306636,29.936662794725525,31.662032700578948,0.6833796729942105,0.07000000000000028,0
7.21,1.34,49.851778342865245,24.397585676011442,51.05974854455076,0.4894025145544925,0.71,1
5.71,1.72,57.31130135815276,49.798659607804524,13.108482223078214,0.8689151777692179,0.79,0
6.35,2.29,45.58970453535919,16.698003797934945,63.3733011255117,0.366266988744883,0.15000000000000036,1
5.77,2.87,46.580276224253495,31.450716139273702,32.480614782404636,0.6751938521759536,0.7300000000000004,0
7.25,1.71,50.55010089611038,35.32849382011148,30.111922243799395,0.6988807775620061,0.75,0
7.37,1.06,43.52784855332394,30.761242203483153,29.329743541542175,0.7067025645845783,0.8700000000000001,0
5.63,1.62,51.273943941664754,40.1643713655656,21.667091941939763,0.7833290805806024,0.8700000000000001,0
6.29,0.6,45.927374416532544,43.1367639223577,6.076137662183237,0.9392386233781677,0.20999999999999996,0
5.55,0.66,57.6317058943651,52.41058429937269,9.059460437562551,0.9094053956243745,0.9500000000000002,0
7.25,3.05,54.4748242700642,35.35719961289032,35.09442189734548,0.6490557810265453,0.75,0
7.11,3.07,42.66273996197492,28.127798330280523,34.06940492956926,0.6593059507043074,0.6100000000000003,0
6.83,3.45,48.27766846354558,36.45349063087694,24.492023349464493,0.7550797665053551,0.33000000000000007,0
5.91,2.93,52.07904116634338,33.57202145512338,35.53640638679876,0.6446359361320124,0.5899999999999999,0
5.54,2.41,56.76908933459188,42.87306594010427,24.47815097505917,0.7552184902494083,0.96,0
6.24,2.02,47.76813455453144,40.65621448287882,14.888419106117173,0.8511158089388282,0.2599999999999998,0
5.95,1.15,41.06686633716892,38.28805270424094,6.766558738894868,0.9323344126110513,0.5499999999999998,0
6.1,2.98,40.18990100833169,36.24425767035028,9.817499518507013,0.9018250048149299,0.40000000000000036,0
5.6,1.87,46.34180560966232,20.123177950731932,56.57662085886393,0.43423379141136065,0.9000000000000004,1
6.19,1.19,45.514265174615424,42.76402555638621,6.042588203232381,0.9395741179676762,0.3099999999999996,0
7.38,3.13,59.86885140438155,39.14173106368311,34.62087522056839,0.6537912477943161,0.8799999999999999,0
7.31,2.8,55.280045652122816,12.598031125513135,77.21052691455337,0.2278947308544662,0.8099999999999996,1
7.09,3.03,57.92982006623693,24.61955821172811,57.50106217561506,0.4249893782438495,0.5899999999999999,1
7.31,0.99,43.48235769116767,16.611815709390157,61.79642367284877,0.38203576327151234,0.8099999999999996,1
6.74,3.18,59.875707335921064,36.855176680952155,38.447196165577935,0.6155280383442207,0.2400000000000002,0
7.45,0.59,50.53666890039992,47.42403898146744,6.15915133834206,0.9384084866165794,0.9500000000000002,0
5.77,1.31,54.47164027562299,27.179364260372118,50.10364269765646,0.49896357302343547,0.7300000000000004,1
6.05,0.79,45.38857176355735,41.03924950325405,9.582417096004308,0.904175829039957,0.4500000000000002,0
7.24,1.65,54.844833768891235,34.8015182181078,36.54549421235056,0.6345450578764944,0.7400000000000002,0
6.71,2.66,42.69159434797243,38.253026103814854,10.396820057783534,0.8960317994221647,0.20999999999999996,0
6.03,0.54,40.37431880239207,31.011229153567093,23.190706187890502,0.768092938121095,0.46999999999999975,0
6.69,1.05,46.390342306686506,30.02297549245737,35.281841004803304,0.647181589951967,0.1900000000000004,0
6.84,1.32,43.629511170673226,33.811300884679234,22.503599106545966,0.7749640089345403,0.33999999999999986,0
7.29,1.73,47.699099891858424,12.29437719781818,74.2251379466457,0.257748620533543,0.79,1
5.73,1.18,59.90865280088335,52.84527726497643,11.790242653900526,0.8820975734609947,0.7699999999999996,0
6.51,1.9,54.10664441562683,40.91560301108975,24.379707052628284,0.7562029294737171,0.009999999999999787,0
6.86,2.6,58.640364129513344,17.77144326020829,69.69417989806782,0.3030582010193219,0.3600000000000003,1
5.93,1.68,44.983681420139206,34.00807627650962,24.39908161610758,0.7560091838389242,0.5700000000000003,0
6.3,1.88,47.94199349374699,42.39120900060882,11.578126165867832,0.8842187383413217,0.20000000000000018,0
6.76,2.18,51.994277268697324,37.42223003285561,28.02625212104772,0.7197374787895228,0.2599999999999998,0
5.57,1.61,46.90561998399545,40.05751612545361,14.59975128967161,0.8540024871032839,0.9299999999999997,0
7.33,1.19,45.23456596153621,17.978936151140473,60.25398769952099,0.39746012300479006,0.8300000000000001,1
7.47,1.84,43.81299556414924,31.51810684870935,28.062196061070978,0.7193780393892902,0.9699999999999998,0
6.06,2.76,42.57846505002464,13.09539257870104,69.24409425441826,0.30755905745581735,0.4400000000000004,1
6.78,1.37,44.34867167285843,20.433377691277826,53.92561508492003,0.46074384915079963,0.28000000000000025,1
6.97,1.07,53.564822541972646,50.654682418555495,5.4329315123499295,0.9456706848765007,0.46999999999999975,0
5.63,2.53,45.33283016793165,27.68133953677672,38.937543863390985,0.6106245613660901,0.8700000000000001,0
7.24,1.31,54.161415900943865,48.2425378335097,10.928218860192347,0.8907178113980765,0.7400000000000002,0
7.47,3.42,54.24380676259914,48.70722405060863,10.206847642942273,0.8979315235705773,0.9699999999999998,0
6.93,1.83,57.60701199369413,53.798079945074235,6.611924341843721,0.9338807565815628,0.4299999999999997,0
6.1,2.16,53.928205149599016,13.985797941024346,74.06589390055319,0.2593410609944681,0.40000000000000036,1
7.29,3.06,43.44168745636719,38.15553294733547,12.168391281625809,0.8783160871837419,0.79,0
6.2,2.64,49.50294710332144,17.974188526883268,63.6906697910976,0.363093302089024,0.2999999999999998,1
6.55,1.46,42.70536045753608,26.40598143980597,38.167056414234786,0.6183294358576521,0.04999999999999982,0
7.35,1.38,48.38851498324217,33.493268485773406,30.782607200545954,0.6921739279945405,0.8499999999999996,0
7.13,1.01,54.850013929179084,49.16783997049349,10.359475871824337,0.8964052412817566,0.6299999999999999,0
6.04,2.01,49.669044207543756,36.399313109982934,26.716300483079173,0.7328369951692082,0.45999999999999996,0
6.53,2.92,47.04854186214591,29.745816005119934,36.77632753789405,0.6322367246210595,0.03000000000000025,0
5.99,0.8,46.34827016359984,42.32463319155789,8.681309912623146,0.9131869008737685,0.5099999999999998,0
5.96,1.77,43.28441865168666,38.19238189779616,11.764133405294277,0.8823586659470573,0.54,0
5.65,2.39,45.90123012910816,19.837190288003118,56.78287873286557,0.4321712126713443,0.8499999999999996,1
6.53,3.46,43.68839652960736,38.873763478647334,11.020393132755922,0.8897960686724408,0.03000000000000025,0
6.4,1.96,49.22832902594582,33.64351943439986,31.6582136747562,0.683417863252438,0.09999999999999964,0
7.4,2.25,58.10496642470278,19.600260721764215,66.26749497022108,0.33732505029778914,0.9000000000000004,1
6.94,2.35,59.194521558296074,51.810778116368624,12.473693929016347,0.8752630607098365,0.4400000000000004,0
6.75,2.53,52.41167891840476,20.872266316765423,60.176306602847696,0.39823693397152304,0.25,1
5.59,3.36,58.69866386023125,52.168432315443944,11.12500884234195,0.8887499115765805,0.9100000000000001,0
5.66,2.79,51.83440302652495,22.487710861157613,56.61624413876226,0.43383755861237744,0.8399999999999999,1
7.06,3.41,54.303961296535235,34.89627244017629,35.73899287085197,0.6426100712914802,0.5599999999999996,0
5.64,1.59,42.05642659702605,31.03649795534352,26.202722231426534,0.7379727776857347,0.8600000000000003,0
6.78,2.71,56.94070302391714,37.16952036737214,34.722407006882925,0.6527759299311707,0.28000000000000025,0
5.91,2.19,54.602509716671854,16.37195754741744,70.01610799142705,0.2998389200857295,0.5899999999999999,1
6.23,1.47,56.66541270567363,35.64868421580811,37.08916512975687,0.6291083487024314,0.2699999999999996,0
6.0,2.03,46.536193586948656,36.866983231376175,20.77782820270085,0.7922217179729916,0.5,0
5.74,2.39,53.499828346594285,47.065672907423235,12.026497351520266,0.8797350264847973,0.7599999999999998,0
5.65,1.27,59.76020109107751,21.3995754753481,64.19092458752928,0.35809075412470726,0.8499999999999996,1
6.55,0.75,42.328410968223565,14.338890803979602,66.12466550009644,0.33875334499903564,0.04999999999999982,1
6.01,2.24,57.45014412530465,39.08311597503196,31.970377846593944,0.6802962215340606,0.4900000000000002,0
7.05,1.16,49.912550119841,42.539087735379624,14.772762294768652,0.8522723770523135,0.5499999999999998,0
6.71,2.79,46.158266901538816,10.558280892285245,77.12591567875081,0.2287408432124919,0.20999999999999996,1
5.87,1.3,49.26003266941581,46.552758445618224,5.4958839389452026,0.945041160610548,0.6299999999999999,0
7.42,3.38,41.356320903601535,25.348037685285586,38.70818986928274,0.6129181013071726,0.9199999999999999,0
6.99,1.42,52.74468462849956,36.07328076017696,31.607742061111004,0.68392257938889,0.4900000000000002,0
6.38,3.18,43.14656874629586,15.97836089733881,62.967250092834895,0.3703274990716511,0.1200000000000001,1
5.64,2.29,58.789342142969915,11.797709486942257,79.9322308144708,0.20067769185529213,0.8600000000000003,1
7.03,1.85,42.3683739058604,38.9866300202108,7.9817646369048925,0.9201823536309511,0.5300000000000002,0
6.03,3.14,57.23771067030554,19.350656945136823,66.1924687089629,0.33807531291037096,0.46999999999999975,1
6.81,0.88,49.24667485233908,46.33450069260664,5.913443229343481,0.9408655677065652,0.3099999999999996,0
5.83,2.3,46.82367903760991,22.30935398328895,52.35454701163157,0.4764545298836843,0.6699999999999999,1
6.91,0.52,55.8477945507374,44.33684342734612,20.611290411716524,0.7938870958828348,0.41000000000000014,0
5.58,2.53,57.98405159772652,54.26700479536442,6.410464084417031,0.9358953591558297,0.9199999999999999,0
5.72,2.63,56.17966073703383,13.446089091089028,76.06591261911035,0.23934087380889646,0.7800000000000002,1
6.01,1.84,47.23637748659585,11.732297850688031,75.16257919223955,0.24837420807760452,0.4900000000000002,1
6.27,1.92,56.052511450912874,11.899832927553566,78.77020561696925,0.21229794383030745,0.23000000000000043,1
5.64,1.45,55.56286697691402,50.479848071540864,9.14823007150642,0.9085176992849358,0.8600000000000003,0
6.72,2.05,43.40116002095416,28.575613575439714,34.15933223525971,0.6584066776474029,0.21999999999999975,0
5.69,3.22,58.78134961113974,37.30833512798975,36.53031892803054,0.6346968107196945,0.8099999999999996,0
6.63,1.94,42.04338376644237,31.769869601627754,24.43550743176526,0.7556449256823474,0.1299999999999999,0
6.41,3.17,59.21087143288411,52.67996454614665,11.02991178594675,0.8897008821405324,0.08999999999999986,0
7.45,3.19,58.51744720321024,38.140057709616876,34.82275879675672,0.6517724120324327,0.9500000000000002,0
6.12,3.03,46.76968208471162,33.878609213000125,27.56288325493111,0.7243711674506889,0.3799999999999999,0
5.91,3.32,58.64389818598982,35.77022836226741,39.00434747904768,0.6099565252095231,0.5899999999999999,0
5.63,2.38,48.079397054806435,16.110283902471515,66.49233374514418,0.3350766625485581,0.8700000000000001,1
6.13,1.8,40.07020382195449,28.899224307415462,27.878519321178107,0.7212148067882189,0.3700000000000001,0
6.12,2.12,40.226620255969465,32.0775625765837,20.257873088844637,0.7974212691115536,0.3799999999999999,0
5.82,1.99,46.96967515416508,35.58260931295204,24.243441760749086,0.7575655823925092,0.6799999999999997,0
6.9,1.41,57.79363576392436,24.146843095714672,58.21885441789857,0.41781145582101425,0.40000000000000036,1
7.12,0.55,44.79277315644482,18.696402613488836,58.260225264041765,0.41739774735958235,0.6200000000000001,1
5.73,2.6,49.805443197674386,42.47755511318974,14.71302655695837,0.8528697344304162,0.7699999999999996,0
6.11,2.39,47.35705651337388,42.576534579847014,10.094634855899077,0.8990536514410092,0.3899999999999997,0
5.9,1.92,43.525817963908935,16.1040614870956,63.001128432672104,0.3699887156732789,0.5999999999999996,1
6.18,3.25,45.11828481552558,28.819777939776294,36.123950505629224,0.6387604949437078,0.3200000000000003,0
6.77,3.1,46.40675961762723,35.727668286965894,23.01193062961666,0.7698806937038334,0.2699999999999996,0
6.71,2.08,42.56834706332137,14.13070081368421,66.80467580133079,0.33195324198669207,0.20999999999999996,1
6.72,1.77,44.97384358050051,40.81054769238092,9.257149393219045,0.9074285060678096,0.21999999999999975,0
7.23,1.86,54.13686963471832,49.38051398983874,8.785797326244557,0.9121420267375544,0.7300000000000004,0
6.18,2.04,51.964151813318466,46.51113133101248,10.493812160922008,0.8950618783907799,0.3200000000000003,0
6.56,2.34,56.491767733341106,36.58636208059579,35.235940476681634,0.6476405952331836,0.05999999999999961,0
6.93,1.98,40.0681450148953,28.93307540279938,27.790329719422918,0.7220967028057708,0.4299999999999997,0
6.04,1.09,59.81143077067957,55.38407669198173,7.402187210121366,0.9259781278987863,0.45999999999999996,0
7.29,1.43,57.69354572452125,15.040437034441023,73.9304685722437,0.2606953142775631,0.79,1
5.75,2.42,40.20903551364907,35.38180437363089,12.005339293402253,0.8799466070659775,0.75,0
6.56,2.64,49.602544728266764,22.46303124913088,54.71395394694342,0.45286046053056583,0.05999999999999961,1
5.88,2.84,59.496720699768545,51.147415473135226,14.03321918995411,0.8596678081004588,0.6200000000000001,0
6.02,1.79,47.87672423051041,41.616251900289626,13.076233662267086,0.8692376633773291,0.4800000000000004,0
7.37,3.37,42.70764619314766,26.597768150617597,37.72129695388095,0.6227870304611904,0.8700000000000001,0
6.85,2.25,50.94353125630649,46.2389715354937,9.234852011226451,0.9076514798877355,0.34999999999999964,0
6.02,1.31,50.71735570604864,43.54552112334598,14.14078964264168,0.8585921035735832,0.4800000000000004,0
6.83,1.36,41.93133630384577,27.151923883700814,35.24670025550664,0.6475329974449336,0.33000000000000007,0
5.66,3.29,48.9156197462826,39.12763556051746,20.00993596019805,0.7999006403980196,0.8399999999999999,0
6.37,1.73,50.3099420164901,37.50981663374322,25.442536543873135,0.7455746345612687,0.1299999999999999,0
6.9,3.01,40.99828951910219,31.141106172219864,24.042913649579457,0.7595708635042054,0.40000000000000036,0
7.44,1.28,50.483100569482644,20.198763170755967,59.989059818235,0.40010940181765,0.9400000000000004,1
6.94,2.64,57.72104072724328,25.876309218019056,55.17005776057341,0.44829942239426585,0.4400000000000004,1
6.4,0.79,58.72392033627774,39.79723248400845,32.22994606607863,0.6777005393392137,0.09999999999999964,0
6.32,0.69,41.585855312643695,35.730979604753735,14.07900754685176,0.8592099245314824,0.17999999999999972,0
7.23,1.07,58.81899174688145,40.79777844742953,30.638426066538955,0.6936157393346105,0.7300000000000004,0
6.0,0.88,49.269787146074044,33.90719770130717,31.18054762286711,0.688194523771329,0.5,0
5.59,2.0,53.43862023981905,19.91141016197291,62.73966267726314,0.3726033732273686,0.9100000000000001,1
7.19,3.27,43.25526543507918,40.28555321328044,6.865550799256835,0.9313444920074316,0.6900000000000004,0
6.32,0.54,49.372735671205035,37.55727055386319,23.93115341233322,0.7606884658766678,0.17999999999999972,0
5.98,2.32,43.05204744746242,26.781507903109834,37.792719531418264,0.6220728046858174,0.5199999999999996,0
6.22,0.65,56.44662041032017,12.438566870772506,77.96401842952788,0.22035981570472118,0.28000000000000025,1
7.08,1.23,51.15815313807435,17.028196948917206,66.71459795868978,0.3328540204131022,0.5800000000000001,1
7.19,2.52,56.57795155181816,17.317988569128588,69.39092332943952,0.30609076670560487,0.6900000000000004,1
5.66,0.64,44.02274755510179,39.797567144143216,9.597720827556381,0.9040227917244362,0.8399999999999999,0
6.67,3.08,56.02807316249558,53.014121864287475,5.379359182078036,0.9462064081792196,0.16999999999999993,0
5.87,2.79,57.932923817335904,17.124591205571342,70.44065778629498,0.2955934221370502,0.6299999999999999,1
6.0,1.04,45.904391404040005,20.596060623712642,55.132700829358996,0.44867299170641006,0.5,1
6.72,3.17,45.06665177748946,15.640496108093918,65.29474569063447,0.3470525430936553,0.21999999999999975,1
6.65,2.77,58.1608991753014,43.087386553291445,25.91691812841001,0.7408308187158998,0.15000000000000036,0
6.63,0.77,48.90744637512309,15.347255772608483,68.61979737217499,0.3138020262782501,0.1299999999999999,1
6.06,2.46,43.89019946822314,39.48634456453976,10.033800158214824,0.8996619984178518,0.4400000000000004,0
5.77,3.42,43.92432733331025,37.75999615031459,14.033979703818723,0.8596602029618128,0.7300000000000004,0
6.04,1.97,52.898968062792385,14.049826455332807,73.44026363868703,0.26559736361312974,0.45999999999999996,1
6.07,2.11,56.49850364529025,19.811092453327444,64.93519088982296,0.3506480911017704,0.4299999999999997,1
6.86,0.64,52.432151499992294,49.228475268527355,6.110136890845324,0.9388986310915467,0.3600000000000003,0
7.24,1.43,56.87432371619787,26.34044537353532,53.68657831436591,0.463134216856341,0.7400000000000002,1
7.5,2.05,49.895207479991214,31.417663582034518,37.03270280089824,0.6296729719910176,1.0,0
7.39,1.74,42.87265440034823,29.70831781829425,30.70567186982258,0.6929432813017742,0.8899999999999997,0
7.4,0.89,56.62745768965925,37.961467092213994,32.96279112465587,0.6703720887534413,0.9000000000000004,0
7.24,0.73,46.07148359853687,13.458807881998121,70.78711855846218,0.29212881441537825,0.7400000000000002,1
7.15,3.37,49.66128469122791,22.938439180673857,53.81021791261541,0.4618978208738459,0.6500000000000004,1
6.3,2.59,45.851071282568824,27.579819537003424,39.84912726022079,0.601508727397792,0.20000000000000018,0
5.57,2.6,45.198141550726085,31.439371558441213,30.441008236684556,0.6955899176331545,0.9299999999999997,0
6.81,1.43,42.5960672596914,37.94255010421082,10.924757741389431,0.8907524225861057,0.3099999999999996,0
6.03,0.84,47.24544334966293,44.29977028111253,6.234829985083449,0.9376517001491655,0.46999999999999975,0
7.29,1.54,56.22716572558408,40.02077766184866,28.823057066099462,0.7117694293390053,0.79,0
6.61,0.98,51.32460492062059,47.99793847969068,6.481621136830919,0.9351837886316908,0.11000000000000032,0
6.65,3.36,43.83590414435831,27.205135146914365,37.9386927726557,0.6206130722734431,0.15000000000000036,0
6.49,1.97,48.75495815520797,21.2398820795203,56.43544188489582,0.43564558115104174,0.009999999999999787,1
5.83,2.68,45.72148210190471,40.56596408462003,11.275920596348978,0.8872407940365102,0.6699999999999999,0
7.3,0.74,53.48357414949186,16.76655126778947,68.65102690982225,0.31348973090177756,0.7999999999999998,1
6.25,1.46,48.988901824011485,15.992163084583277,67.35553872582452,0.32644461274175485,0.25,1
7.1,0.74,42.08708997351812,39.917072168211355,5.156017692532731,0.9484398230746727,0.5999999999999996,0
6.48,2.9,56.21918427727388,48.26025812048062,14.15695773446252,0.8584304226553748,0.019999999999999574,0
6.58,2.48,53.40341550937045,47.74238595887847,10.600500916460408,0.8939949908353959,0.08000000000000007,0
6.0,0.56,48.89386516717427,15.655387900568336,67.98087480496665,0.3201912519503336,0.5,1
6.75,1.61,49.79132118688731,42.36173517710785,14.921447819978834,0.8507855218002116,0.25,0
5.95,0.97,48.71824469338887,32.536627013458464,33.21469765951209,0.6678530234048791,0.5499999999999998,0
6.79,3.11,44.84862209894746,42.2166835168445,5.868493743901955,0.9413150625609804,0.29000000000000004,0
6.77,2.88,48.51461918046188,37.4193652497638,22.869918630973054,0.7713008136902695,0.2699999999999996,0
5.7,3.03,52.703413150854985,40.894707223816894,22.405960489195607,0.7759403951080439,0.7999999999999998,0
7.41,0.81,59.16471215778762,52.421018440698475,11.398168724465767,0.8860183127553424,0.9100000000000001,0
7.31,0.51,47.12868771700944,31.98589824258485,32.13072590807432,0.6786927409192568,0.8099999999999996,0
7.31,1.06,51.47099330376796,13.336106033876423,74.09005504290481,0.25909944957095177,0.8099999999999996,1
7.46,1.96,40.811817145563616,30.259605668448696,25.855774663201885,0.7414422533679812,0.96,0
6.09,0.77,47.655071853689094,13.332007628362792,72.02394811344571,0.27976051886554293,0.41000000000000014,1
6.54,2.88,47.49490340559835,40.47614694617338,14.77791501013486,0.8522208498986514,0.040000000000000036,0
6.99,1.8,57.67291306378667,54.74383489577522,5.078776174825552,0.9492122382517445,0.4900000000000002,0
5.84,0.67,46.18605417190703,43.54635783686173,5.715353654633941,0.9428464634536606,0.6600000000000001,0
5.75,2.19,50.090023596711525,44.92520350859111,10.311075374417456,0.8968892462558254,0.75,0
7.01,0.62,44.73015997139263,34.38379408065698,23.13062572848546,0.7686937427151455,0.5099999999999998,0
5.52,2.38,42.9926450502212,15.360435850445644,64.27194504431493,0.3572805495568506,0.9800000000000004,1
5.53,2.87,57.41499308613629,22.541329963686007,60.73964525281994,0.3926035474718005,0.9699999999999998,1
6.13,1.53,49.23771264043579,44.75370109424361,9.106864039231883,0.9089313596076811,0.3700000000000001,0
7.04,1.08,40.11736832874908,37.273702530162474,7.088365755409649,0.9291163424459035,0.54,0
5.7,3.09,49.00922998372481,31.739370732989105,35.23797304399753,0.6476202695600247,0.7999999999999998,0
7.2,1.58,51.46637347207859,48.83788248937265,5.107200693151493,0.9489279930684851,0.7000000000000002,0
5.74,0.58,52.894650334825634,41.5253376857301,21.494258071709044,0.7850574192829095,0.7599999999999998,0
6.23,2.73,53.202447299864346,49.94559076338739,6.121629176418087,0.9387837082358191,0.2699999999999996,0
5.84,1.95,46.95918029202277,31.99803880419184,31.85988638386107,0.6814011361613893,0.6600000000000001,0
6.97,3.01,40.63153276930609,17.581221845029336,56.73010431368575,0.43269895686314247,0.46999999999999975,1
6.28,1.74,47.05705081460875,34.927794412956764,25.77564082678655,0.7422435917321345,0.21999999999999975,0
5.77,0.83,45.88972565694409,43.11960050409603,6.036482269596835,0.9396351773040317,0.7300000000000004,0
6.34,2.57,55.602280638029754,35.82605965540364,35.56728385184251,0.6443271614815749,0.16000000000000014,0
6.73,0.77,45.120835739417565,40.481420045381086,10.28220248585397,0.8971779751414602,0.23000000000000043,0
6.63,3.0,41.7378456588883,37.675320988202635,9.733431629144293,0.902665683708557,0.1299999999999999,0
5.79,1.18,56.49803442777304,51.164187198717656,9.440766007309803,0.905592339926902,0.71,0
6.37,3.28,54.93546343215809,20.17499148587195,63.275104594708985,0.36724895405291014,0.1299999999999999,1
6.39,1.39,56.64978869224609,23.935020233816164,57.749144725243696,0.42250855274756316,0.11000000000000032,1
6.17,3.28,58.146870116843814,43.562472432371095,25.08199952149781,0.7491800047850219,0.33000000000000007,0
6.2,2.51,42.848594602987625,11.634574697424242,72.84724317046091,0.27152756829539093,0.2999999999999998,1
6.05,2.43,40.71847337138228,26.473205470257888,34.984778950814594,0.6501522104918541,0.4500000000000002,0
7.41,1.25,59.14195787551654,21.07813883455719,64.36009291589063,0.35639907084109357,0.9100000000000001,1
5.55,0.98,50.74821573474584,33.7728523988598,33.45016783371066,0.6654983216628935,0.9500000000000002,0
7.29,1.22,56.527520354541444,13.39010683938794,76.31223383689043,0.23687766163109564,0.79,1
7.34,1.1,40.89655933419801,30.910734117831325,24.417274653265178,0.7558272534673482,0.8399999999999999,0
6.89,0.58,48.21222931780798,23.982203347217713,50.257012200928266,0.4974298779907174,0.3899999999999997,1
7.02,3.46,42.751461433972274,14.208252544465063,66.76545767585262,0.33234542324147387,0.5199999999999996,1
7.41,0.55,43.56237497964662,20.46825979747333,53.01390292187561,0.4698609707812439,0.9100000000000001,1
6.57,1.9,58.06864088107723,35.988262052633274,38.02461792357752,0.6197538207642248,0.07000000000000028,0
6.38,2.64,43.599583813580665,28.56831047367105,34.475726658720035,0.6552427334127997,0.1200000000000001,0
5.93,3.08,51.14954553966629,20.672823811939413,59.58356307211427,0.40416436927885724,0.5700000000000003,1
6.25,1.23,43.82613832202833,38.213710650340005,12.806119559174917,0.8719388044082509,0.25,0
6.72,1.04,53.114341782751964,24.590068822890718,53.70352338457115,0.4629647661542885,0.21999999999999975,1
5.52,3.06,45.83564715485993,40.069846545145715,12.57929355777159,0.8742070644222841,0.9800000000000004,0
6.45,2.53,42.42875491584538,38.32887663601961,9.662970992096303,0.903370290079037,0.04999999999999982,0
7.33,0.53,51.15719206438038,46.68192857590607,8.748063190884823,0.9125193680911518,0.8300000000000001,0
6.14,0.92,41.06868992677262,16.833683428880185,59.01090719257073,0.4098909280742927,0.3600000000000003,1
6.91,3.13,43.31773754986594,10.589354039407993,75.55423104168845,0.24445768958311548,0.41000000000000014,1
5.92,3.49,52.423780032152784,47.95966145352631,8.515445807014533,0.9148455419298547,0.5800000000000001,0
5.7,1.78,43.066247238697464,18.146182314033467,57.86449138821621,0.42135508611783784,0.7999999999999998,1
7.29,1.96,42.5708123631462,14.415790550795803,66.13691458874852,0.3386308541125148,0.79,1
6.46,1.6,52.054042836640406,13.14260320335342,74.75200294317496,0.2524799705682505,0.040000000000000036,1
6.49,0.99,53.50334871090553,45.781004143379555,14.433385486303097,0.855666145136969,0.009999999999999787,0
6.99,0.91,52.87807263209102,46.256497544053154,12.52234576344849,0.874776542365515,0.4900000000000002,0
6.43,1.94,53.631204458582815,23.913254380231777,55.41167754548753,0.44588322454512475,0.07000000000000028,1
6.03,2.54,42.494939923458595,36.33293641132815,14.500558238767669,0.8549944176123233,0.46999999999999975,0
5.7,2.2,55.60965162228417,42.154519428936595,24.195677909903985,0.7580432209009601,0.7999999999999998,0
6.97,1.53,58.575792340882444,54.007148140791095,7.7995431517239675,0.9220045684827604,0.46999999999999975,0
6.44,2.6,56.71683881503708,51.22932197748752,9.67528683226731,0.903247131677327,0.05999999999999961,0
6.02,3.22,46.813662256159425,35.30657206256638,24.58062377309312,0.7541937622690689,0.4800000000000004,0
7.33,1.81,59.71617135966102,41.40425863654,30.664914220356287,0.6933508577964371,0.8300000000000001,0
7.35,1.81,56.523463755387574,48.737807548627686,13.774202232993538,0.8622579776700646,0.8499999999999996,0
5.53,1.31,48.55204344926143,35.88498508762622,26.089650325166495,0.7391034967483351,0.9699999999999998,0
6.14,0.87,51.98671810977903,23.593589338583687,54.61612081616365,0.4538387918383635,0.3600000000000003,1
6.6,3.28,50.56650962733754,11.430984685353293,77.39415915870647,0.22605840841293529,0.09999999999999964,1
5.55,2.52,46.58968114218938,16.945210506663784,63.628833485793024,0.36371166514206976,0.9500000000000002,1
6.42,2.04,47.243511853698564,30.71111133996581,34.994012648614046,0.6500598735138595,0.08000000000000007,0
6.69,1.32,46.67160901151681,16.017424951638898,65.68058121226034,0.34319418787739664,0.1900000000000004,1
6.17,1.99,53.93066224316157,49.31612674371128,8.556422835388815,0.9144357716461119,0.33000000000000007,0
6.68,1.2,44.04930006856365,40.79813011906572,7.380752802967179,0.9261924719703282,0.17999999999999972,0
6.86,1.47,49.05206348107875,14.705187881241836,70.02126549291002,0.29978734507089977,0.3600000000000003,1
5.55,1.45,55.68246442760167,37.61905980975039,32.44002362958866,0.6755997637041133,0.9500000000000002,0
7.0,1.77,56.00438339241335,16.39317110740129,70.72877136681055,0.29271228633189444,0.5,1
5.6,0.59,48.627862220711144,13.146077420884744,72.96595651024592,0.2703404348975408,0.9000000000000004,1
5.52,1.74,46.54663061119541,34.297256144328095,26.31635051994739,0.736836494800526,0.9800000000000004,0
7.09,3.03,48.270653112510004,43.189221777026425,10.526957908855508,0.894730420911445,0.5899999999999999,0
6.69,2.92,48.57516446279156,33.896203374328294,30.219066164371526,0.6978093383562847,0.1900000000000004,0
7.24,0.79,49.9160024174198,33.457311031363105,32.97277544067291,0.6702722455932709,0.7400000000000002,0
5.96,2.06,54.246444376447215,24.405824460501865,55.009356390004406,0.44990643609995595,0.54,1
5.93,2.28,41.757987485206115,29.336474529767884,29.746435840182393,0.702535641598176,0.5700000000000003,0
5.89,0.84,40.43215634681732,24.858403462457233,38.51823472083007,0.6148176527916993,0.6100000000000003,0
6.36,2.64,58.98576809746655,55.53549795390825,5.8493264644060625,0.9415067353559394,0.13999999999999968,0
7.1,2.21,53.55394711507749,50.76045026957252,5.216229607693084,0.9478377039230692,0.5999999999999996,0
6.35,0.91,53.924120534002235,39.461081094326815,26.821094709473563,0.7317890529052644,0.15000000000000036,0
6.4,2.78,57.18733245149983,24.24077963819352,57.6116272624677,0.4238837273753231,0.09999999999999964,1
6.12,1.01,40.959341024173064,32.000989277355714,21.871327816359106,0.7812867218364089,0.3799999999999999,0
7.21,2.79,56.696743439483754,37.01152627134199,34.72019021542766,0.6527980978457234,0.71,0
6.99,0.97,43.57234297348415,38.490198333800855,11.663693739801921,0.8833630626019808,0.4900000000000002,0
7.45,2.29,44.827767501635776,30.417466092575044,32.14592698272315,0.6785407301727685,0.9500000000000002,0
7.43,3.12,48.15748723435897,30.702223123558444,36.24621032624539,0.6375378967375461,0.9299999999999997,0
6.93,2.63,46.698864551152944,29.97325864932242,35.81587274677664,0.6418412725322337,0.4299999999999997,0
6.56,0.85,47.88010087944772,16.517575355757465,65.5022127097323,0.34497787290267695,0.05999999999999961,1
5.94,2.16,53.76832291119766,35.84527701228395,33.33383845450217,0.6666616154549783,0.5599999999999996,0
6.22,1.41,57.40932421652881,27.689660145393635,51.768008902251694,0.482319910977483,0.28000000000000025,1
6.11,3.4,54.92735106885388,50.29185170469622,8.439328083283781,0.9156067191671622,0.3899999999999997,0
7.32,1.72,56.52486126046874,48.31725811439243,14.520341957595184,0.8547965804240482,0.8200000000000003,0
6.44,2.45,53.491480345001804,48.62897317009975,9.090246042062294,0.9090975395793771,0.05999999999999961,0
6.29,0.93,41.32312460551999,32.898039337558146,20.388306422589388,0.7961169357741061,0.20999999999999996,0
6.41,2.07,57.58251348341372,13.943285254855855,75.78555639313639,0.2421444360686362,0.08999999999999986,1
5.73,2.37,49.800205021801794,37.84352750623826,24.009293757584086,0.7599070624241592,0.7699999999999996,0
7.04,2.79,50.17391443590421,45.31835972815201,9.67744845572102,0.9032255154427898,0.54,0
6.08,2.22,46.278671598522045,35.21870542601275,23.898624983139122,0.7610137501686088,0.41999999999999993,0
6.13,1.31,58.69764265734668,50.81002513966248,13.437707479547262,0.8656229252045274,0.3700000000000001,0
6.88,3.25,44.39857072862631,10.67155675949662,75.96418852146506,0.24035811478534946,0.3799999999999999,1
7.3,1.11,41.794185381458135,37.289137796519306,10.779125239123527,0.8922087476087648,0.7999999999999998,0
5.91,1.57,50.88510461684421,16.812576628725218,66.9597286763564,0.3304027132364359,0.5899999999999999,1
6.16,2.16,48.29502340222563,44.34347904282168,8.182094305024917,0.9181790569497509,0.33999999999999986,0
6.21,2.44,40.47479861622106,36.8807267358754,8.879777054419403,0.911202229455806,0.29000000000000004,0
7.42,0.98,41.916854387206065,30.054992622057654,28.29854944642246,0.7170145055357754,0.9199999999999999,0
6.5,3.4,50.365112622293864,22.783731198209747,54.76287054280379,0.4523712945719621,0.0,1
7.46,1.59,55.20543290671549,35.20293198603444,36.23284859387061,0.637671514061294,0.96,0
7.01,2.1,43.53247908023581,30.10820930203455,30.837365713674725,0.6916263428632528,0.5099999999999998,0
6.05,1.76,46.81633908964823,41.944892334796684,10.405441453940371,0.8959455854605963,0.4500000000000002,0
7.47,3.01,46.36132089135865,32.34346854381435,30.236093532350377,0.6976390646764962,0.9699999999999998,0
5.55,3.37,52.101708791391175,31.728728866510988,39.10232581133008,0.6089767418866991,0.9500000000000002,0
6.17,3.37,50.85287945829634,45.93398410989443,9.672796114595283,0.9032720388540472,0.33000000000000007,0
6.99,2.76,54.00119885598722,49.662518031388146,8.03441574726824,0.9196558425273176,0.4900000000000002,0
7.11,2.08,52.42823373276651,22.284714699979613,57.49482079909903,0.42505179200900967,0.6100000000000003,1
6.55,3.28,42.63028874657625,40.48120663218479,5.041209378540885,0.9495879062145911,0.04999999999999982,0
7.23,2.29,42.77993550289827,39.25243358016676,8.245692475372076,0.9175430752462792,0.7300000000000004,0
7.49,1.69,41.926107507454006,19.39577829835227,53.738184984370626,0.4626181501562937,0.9900000000000002,1
6.5,0.56,49.10765655492501,11.891344097063783,75.78515259883399,0.24214847401166,0.0,1
6.4,1.08,52.39018603842516,45.48104950247003,13.18784501144486,0.8681215498855513,0.09999999999999964,0
6.71,2.01,42.252913502335716,8.668988477498749,79.48309889442409,0.20516901105575908,0.20999999999999996,1
7.21,2.47,57.61042776180694,18.29791281621686,68.2385402658865,0.31761459734113506,0.71,1
6.49,3.42,54.07959748958604,49.9316121970572,7.670148235344411,0.9232985176465559,0.009999999999999787,0
5.6,1.4,46.205503677764035,32.259694522909314,30.182138587022937,0.6981786141297707,0.9000000000000004,0
7.3,2.47,55.56974496350183,48.12910918973967,13.38972453202577,0.8661027546797423,0.7999999999999998,0
6.89,0.61,48.052075714080544,34.824400761059636,27.527790956894805,0.724722090431052,0.3899999999999997,0
7.18,2.78,52.4619282957376,31.699063470211843,39.57701422731098,0.6042298577268902,0.6799999999999997,0
7.32,1.47,59.75329169171326,42.7398096618062,28.472878310512446,0.7152712168948755,0.8200000000000003,0
7.29,2.18,47.671194377307636,16.221337453608022,65.97245429762155,0.34027545702378453,0.79,1
6.54,2.58,56.30130107549774,14.998655134347095,73.36002037637725,0.2663997962362275,0.040000000000000036,1
7.25,3.3,58.522442757111854,26.69137145477085,54.39122121824415,0.4560877878175586,0.75,1
5.77,1.58,40.86680922686438,36.55205646216199,10.558085757930977,0.8944191424206902,0.7300000000000004,0
7.43,3.18,58.94942801390359,50.51149131408421,14.313856782171392,0.856861432178286,0.9299999999999997,0
5.65,0.96,58.884070027104144,52.7687833675016,10.385298870794257,0.8961470112920574,0.8499999999999996,0
6.81,2.43,41.728794450599906,36.73764928041309,11.960913886682064,0.8803908611331793,0.3099999999999996,0
7.2,3.26,57.95484435868599,51.25849426109614,11.554426850231431,0.8844557314976856,0.7000000000000002,0
7.17,0.74,42.98806993796668,11.962893741422548,72.17159607610803,0.2782840392389198,0.6699999999999999,1
7.21,1.75,57.627679443527406,38.366158332054866,33.424079014578375,0.6657592098542162,0.71,0
7.41,3.31,48.622960271061075,38.500318908846744,20.818644742695817,0.7918135525730419,0.9100000000000001,0
5.89,3.42,47.16125817904945,20.188498731840813,57.19262057175312,0.42807379428246883,0.6100000000000003,1
5.92,0.91,51.048425519743645,34.500649135336396,32.415840872520505,0.6758415912747949,0.5800000000000001,0
6.95,3.04,46.531927623830995,28.59028570928742,38.5577018420249,0.6144229815797511,0.4500000000000002,0
5.98,1.85,43.47133875372718,33.17963464676358,23.67468866157521,0.7632531133842478,0.5199999999999996,0
7.07,2.96,55.168759405874916,37.240006691034786,32.49801682676754,0.6750198317323246,0.5700000000000003,0
5.65,1.8,49.70567110003443,45.92959708246244,7.5968675887556225,0.9240313241124438,0.8499999999999996,0
6.17,0.98,51.51230516937124,44.97943897436944,12.682146864757641,0.8731785313524236,0.33000000000000007,0
5.55,2.43,56.21528657107284,35.51272470412492,36.82728156294947,0.6317271843705052,0.9500000000000002,0
5.94,2.08,55.86941114546416,43.328229823418305,22.44731251846035,0.7755268748153965,0.5599999999999996,0
6.94,1.67,46.003265907030496,42.13038887641323,8.41870018194815,0.9158129981805185,0.4400000000000004,0
6.87,2.49,55.82046529583899,37.92587570372486,32.05739955279097,0.6794260044720902,0.3700000000000001,0
6.03,2.54,44.71697461338083,42.047916644100916,5.968780295081142,0.9403121970491886,0.46999999999999975,0
5.81,1.63,51.71164599644291,20.927091628294963,59.5311825314273,0.404688174685727,0.6900000000000004,1
5.59,3.16,53.27116831109862,49.84235765410401,6.436522354776743,0.9356347764522326,0.9100000000000001,0
7.16,0.7,40.759075246953,28.285772279121765,30.602517089157207,0.6939748291084279,0.6600000000000001,0
6.15,2.19,47.28506524282186,13.262439664791884,71.95215953137509,0.2804784046862492,0.34999999999999964,1
5.54,1.32,56.71423482251691,52.032671312856834,8.254653394003617,0.9174534660599638,0.96,0
6.35,1.31,52.282832082999484,45.615384394299525,12.752652109807904,0.872473478901921,0.15000000000000036,0
6.49,2.26,59.47898253432794,25.733885380994824,56.73448958858255,0.4326551041141745,0.009999999999999787,1
6.7,3.23,45.48574057005999,40.82822194409276,10.239513675265826,0.8976048632473418,0.20000000000000018,0
5.98,1.08,59.87522453600245,21.931487628625284,63.37134800147919,0.3662865199852081,0.5199999999999996,1
6.74,2.66,40.306321167652875,36.77032220293784,8.77281493889546,0.9122718506110454,0.2400000000000002,0
6.74,1.13,44.06567305891214,10.394506805004891,76.41132862963808,0.23588671370361913,0.2400000000000002,1
6.65,2.04,57.91963183314935,53.02940368862386,8.44312712244599,0.9155687287755401,0.15000000000000036,0
7.02,3.3,47.21907216253142,36.506590161806244,22.6867693711813,0.773132306288187,0.5199999999999996,0
6.3,3.5,42.160351508275355,27.441686545371443,34.91115333802397,0.6508884666197603,0.20000000000000018,0
6.34,0.61,57.120400429910134,34.99654878779274,38.731961743273445,0.6126803825672655,0.16000000000000014,0
6.93,1.27,59.594548396363685,51.32433643364931,13.877463937991694,0.861225360620083,0.4299999999999997,0
6.3,1.87,59.97577984621138,52.25602256153029,12.87145795265344,0.8712854204734656,0.20000000000000018,0
6.41,3.39,42.69132189656457,30.70173167566433,28.084373329899293,0.7191562667010071,0.08999999999999986,0
6.14,1.97,54.70777000227915,25.35052894304226,53.66192235218846,0.4633807764781154,0.3600000000000003,1
6.83,1.16,44.7523318544229,40.777001009186506,8.882958005781564,0.9111704199421844,0.33000000000000007,0
7.35,2.77,54.18567332196013,19.913887537838924,63.24879563733627,0.3675120436266372,0.8499999999999996,1
6.95,2.03,45.646431669213555,41.71482313108742,8.613178279996475,0.9138682172000352,0.4500000000000002,0
6.34,3.46,50.34722087087836,22.246368495058576,55.81410828591289,0.44185891714087105,0.16000000000000014,1
5.81,1.12,59.36717088398137,36.83883561156975,37.947463112968194,0.6205253688703181,0.6900000000000004,0
6.81,2.08,48.619874676371886,20.26140295304685,58.326912424368274,0.4167308757563173,0.3099999999999996,1
5.66,2.03,54.94768491021779,33.76718027963051,38.54667337704097,0.6145332662295903,0.8399999999999999,0
5.72,0.51,40.29057864536754,17.328637199783884,56.99084554652762,0.4300915445347238,0.7800000000000002,1
5.88,3.44,43.42732380251024,28.31960361101542,34.788513011298065,0.6521148698870193,0.6200000000000001,0
6.87,2.19,48.861213118583066,44.29656918557038,9.342060177537114,0.9065793982246289,0.3700000000000001,0
5.69,2.23,48.971145341623654,21.255647855484167,56.595567232082566,0.4340443276791743,0.8099999999999996,1
7.42,0.61,54.379933031049816,37.62287943268469,30.814774245487197,0.691852257545128,0.9199999999999999,0
6.6,0.55,43.42604835489125,17.23323496042157,60.31590344213183,0.39684096557868176,0.09999999999999964,1
7.23,1.44,40.054173733563374,34.18861375393582,14.644066854667164,0.8535593314533284,0.7300000000000004,0
6.6,2.45,47.2638412803592,40.48642760970311,14.339532054650187,0.8566046794534982,0.09999999999999964,0
7.44,0.79,59.73143388902997,54.552160440243036,8.670934400150305,0.9132906559984969,0.9400000000000004,0
6.18,1.58,57.70801110691681,34.700926443709854,39.86809495233038,0.6013190504766962,0.3200000000000003,0
5.89,2.34,43.598771388799896,34.030991175860144,21.945068423184104,0.780549315768159,0.6100000000000003,0
5.71,2.11,41.243638497249385,30.438651035655038,26.197949199644334,0.7380205080035567,0.79,0
5.54,0.96,53.34652717346444,19.360189224834798,63.70862312764585,0.36291376872354153,0.96,1
5.79,2.71,44.53887363321015,39.76118365786605,10.727011227741617,0.8927298877225839,0.71,0
6.59,1.19,51.36561236663748,34.3258283760332,33.17352447582578,0.6682647552417422,0.08999999999999986,0
5.56,2.98,44.286770609669944,40.147852149729026,9.34572199093061,0.9065427800906939,0.9400000000000004,0
6.58,3.27,53.08707544977949,48.97164168001884,7.7522329774105945,0.9224776702258941,0.08000000000000007,0
6.75,3.14,44.991992809267636,15.350006350134928,65.88280404647232,0.3411719595352769,0.25,1
6.61,1.5,54.6152140262467,46.561032192162116,14.747139561174189,0.8525286043882582,0.11000000000000032,0
7.37,2.99,56.499779098875294,42.685289920812004,24.450518919530232,0.7554948108046977,0.8700000000000001,0
5.84,1.25,54.35290808745123,11.169787614054892,79.44951244175705,0.2055048755824295,0.6600000000000001,1
7.14,1.55,40.99776539867412,13.074942657579696,68.108157772905,0.31891842227095,0.6399999999999997,1
6.44,3.09,58.97381739558117,44.89535570999749,23.87239338967832,0.7612760661032167,0.05999999999999961,0
6.99,2.65,50.39731778369112,15.186926894818848,69.86560483237973,0.3013439516762027,0.4900000000000002,1
6.29,0.57,47.476894871712354,14.560496672923215,69.33140486068595,0.3066859513931405,0.20999999999999996,1
6.68,2.62,53.55551002582199,48.63467206256746,9.188294464718808,0.908117055352812,0.17999999999999972,0
5.62,2.47,41.39583084773375,12.538925644359889,69.70968962917593,0.3029031037082408,0.8799999999999999,1
5.75,1.26,55.221129277709466,40.87108809650542,25.98650438501007,0.7401349561498993,0.75,0
6.93,2.35,59.29568958086119,23.545994556168083,60.29054603697872,0.3970945396302128,0.4299999999999997,1
7.16,2.43,43.66657551609757,33.39808609776357,23.51567370917042,0.7648432629082957,0.6600000000000001,0
6.7,1.85,42.01091690095605,36.50498962206276,13.10594408561454,0.8689405591438546,0.20000000000000018,0
6.5,2.36,59.0160718129503,36.35820299836336,38.39270916980105,0.6160729083019896,0.0,0
7.45,0.73,51.51194534329122,48.77671371249244,5.309897757831443,0.9469010224216856,0.9500000000000002,0
6.84,1.56,55.280370379492126,42.082453229245715,23.874509269103168,0.7612549073089683,0.33999999999999986,0
7.04,0.61,47.92758835170488,11.726313002641191,75.53327132466897,0.2446672867533103,0.54,1
6.49,1.94,49.72052687436944,43.632168089903985,12.245161439759318,0.8775483856024068,0.009999999999999787,0
5.75,2.24,58.03415475153699,24.09291138902015,58.48494478437792,0.4151505521562209,0.75,1
6.84,1.8,52.96131138481073,38.70781970526461,26.913026333471812,0.7308697366652819,0.33999999999999986,0
5.82,2.56,57.07117435580102,52.266898683468455,8.4180424295829,0.915819575704171,0.6799999999999997,0
5.75,3.27,42.94220792167488,28.581446849966863,33.44206496764571,0.6655793503235429,0.75,0
6.39,2.13,54.66666743473061,51.912722972555976,5.03770321368632,0.9496229678631368,0.11000000000000032,0
7.07,1.71,52.49085439817957,35.544933354238324,32.28356870588288,0.6771643129411712,0.5700000000000003,0
6.6,1.07,57.40107828412489,50.920408441763115,11.290153488552326,0.8870984651144768,0.09999999999999964,0
7.21,3.23,59.34809836847357,39.161511162699966,34.013873671977606,0.6598612632802239,0.71,0
7.0,2.53,57.35733758357753,12.276583265569982,78.59631603771477,0.2140368396228523,0.5,1
5.77,2.16,47.459297382839885,11.014890486845788,76.7908690303778,0.23209130969622196,0.7300000000000004,1
7.12,2.66,41.41333033482289,26.648602833204965,35.65211341914907,0.6434788658085093,0.6200000000000001,0
6.62,2.28,55.31721007541097,36.7652018764769,33.53749795704287,0.6646250204295713,0.1200000000000001,0
5.78,3.31,47.742824292751905,15.975234235535012,66.53898366469221,0.3346101633530779,0.7199999999999998,1
6.61,2.51,40.16181415313994,28.73640424387341,28.448440764405238,0.7155155923559476,0.11000000000000032,0
6.38,2.28,44.39360375723313,40.34208809701277,9.126350008384348,0.9087364999161565,0.1200000000000001,0
6.03,0.84,49.107206409657955,21.23482589978963,56.75822867493974,0.43241771325060263,0.46999999999999975,1
6.09,2.52,55.32370389198033,33.75991227731678,38.97749083605629,0.6102250916394371,0.41000000000000014,0
7.4,0.77,46.423998259240605,22.42189633043558,51.70192751337925,0.4829807248662074,0.9000000000000004,1
7.39,2.51,40.203189290857,12.996355108384432,67.67332309295159,0.3232667690704842,0.8899999999999997,1
5.97,1.82,51.09818106215037,33.24387305870374,34.941181138582124,0.6505881886141788,0.5300000000000002,0
6.81,2.17,50.07563162884096,43.507633898912616,13.116155535710744,0.8688384446428926,0.3099999999999996,0
6.25,2.8,45.644446552052216,39.338632394148014,13.815074196842653,0.8618492580315735,0.25,0
7.39,2.43,55.90282105029491,13.762695192700889,75.38103635178123,0.2461896364821876,0.8899999999999997,1
7.22,3.34,41.758835938903886,37.29170576017642,10.697449002800727,0.8930255099719927,0.7199999999999998,0
5.54,3.31,51.79074977649232,40.07974746031461,22.61215056108978,0.7738784943891022,0.96,0
5.97,1.29,42.38464580545161,15.068320827149314,64.44863336521927,0.3555136663478073,0.5300000000000002,1
6.1,1.08,47.302865111533215,23.594986481230546,50.11932908165916,0.4988067091834084,0.40000000000000036,1
6.6,2.57,53.892271563902234,47.22229248297151,12.376503879636731,0.8762349612036326,0.09999999999999964,0
6.04,2.47,58.66424873303378,39.138453873231455,33.28397666636677,0.6671602333363323,0.45999999999999996,0
7.03,3.13,53.00892597420773,45.39780763277164,14.35818251654333,0.8564181748345667,0.5300000000000002,0
6.19,1.67,59.989703523752645,27.246602240197724,54.5812020400975,0.454187979599025,0.3099999999999996,1
7.05,3.27,58.29397502412563,50.13524902117533,13.995830614696825,0.8600416938530318,0.5499999999999998,0
6.63,3.03,47.92903864120959,36.54369617867548,23.754581325453376,0.7624541867454663,0.1299999999999999,0
6.15,2.61,51.3124026979345,39.27022156896074,23.468363389380904,0.765316366106191,0.34999999999999964,0
6.86,1.12,50.51697694380085,20.79377100280922,58.838053540017086,0.4116194645998292,0.3600000000000003,1
7.05,0.86,58.63787176268373,15.82267781237823,73.01628224773405,0.26983717752265945,0.5499999999999998,1
7.07,3.08,41.833724884384324,13.374749210729185,68.02878718619267,0.31971212813807326,0.5700000000000003,1
6.08,3.34,53.99985703013718,39.50659979672249,26.839436306888814,0.7316056369311119,0.41999999999999993,0
6.49,3.38,58.55813175386986,26.360554889585416,54.98395508862293,0.45016044911377073,0.009999999999999787,1
6.15,1.81,51.10855471418709,44.56901048122009,12.795400436459042,0.8720459956354096,0.34999999999999964,0
7.25,3.17,47.643515505406434,11.671852188713501,75.50169825862449,0.24498301741375522,0.75,1
6.11,1.48,46.56645021013604,41.96617889713438,9.878939219636566,0.9012106078036344,0.3899999999999997,0
7.05,3.35,53.85853183823123,39.58080723001802,26.509680306729482,0.7349031969327052,0.5499999999999998,0
6.37,2.35,57.76809456468918,18.691815253602652,67.64335851051585,0.3235664148948414,0.1299999999999999,1
6.47,0.82,55.74809856762993,47.83258448709051,14.198715801825676,0.8580128419817432,0.03000000000000025,0
5.5,3.29,44.31377644089824,12.317326833042117,72.20429441514679,0.2779570558485321,1.0,1
5.63,3.33,45.557520450712126,40.12486298293309,11.924831321003374,0.8807516867899663,0.8700000000000001,0
6.09,2.95,58.17009796947302,43.08142602475032,25.938880062813467,0.7406111993718654,0.41000000000000014,0
6.5,0.83,59.70785436707963,54.605432537927456,8.545645934256564,0.9145435406574344,0.0,0
6.49,1.95,55.57072943474077,16.544823675834795,70.22744915510938,0.2977255084489062,0.009999999999999787,1
6.29,1.69,55.897812399092466,51.28443347409535,8.253236981903814,0.9174676301809619,0.20999999999999996,0
6.11,1.39,51.930998974757216,46.25174542000098,10.93615310099624,0.8906384689900376,0.3899999999999997,0
7.02,1.73,56.22092308282354,50.83839419832266,9.57388920237301,0.9042611079762699,0.5199999999999996,0
6.59,2.91,59.26640280627757,38.096654120436455,35.7196449985974,0.642803550014026,0.08999999999999986,0
6.75,1.47,42.73111179886582,16.73207568443355,60.84334111597429,0.3915665888402571,0.25,1
6.34,3.46,57.2194713914359,40.91385697679673,28.49661840301386,0.7150338159698614,0.16000000000000014,0
6.45,2.25,43.9322054824344,31.554106908562993,28.17545451666567,0.7182454548333433,0.04999999999999982,0
6.72,3.23,44.83853490979422,40.987538345213224,8.588586965047803,0.9141141303495219,0.21999999999999975,0
6.88,1.06,41.06304664107816,9.20555355516258,77.58190317531472,0.22418096824685282,0.3799999999999999,1
6.58,1.73,57.795605427894344,52.61337499677536,8.9664783208895,0.910335216791105,0.08000000000000007,0
5.74,3.17,40.16221307550554,34.63368754458827,13.765490264502017,0.8623450973549799,0.7599999999999998,0
5.56,2.48,55.24145823890973,51.964466059426805,5.932124683078607,0.9406787531692139,0.9400000000000004,0
6.96,2.08,58.982465798998604,51.499254362950275,12.6871797146456,0.873128202853544,0.45999999999999996,0
6.46,2.72,49.801853442384534,22.929769550272823,53.95799962184111,0.46042000378158887,0.040000000000000036,1
5.86,0.52,59.863035565940635,52.27613514290924,12.673764955795189,0.8732623504420481,0.6399999999999997,0
7.22,2.35,46.65312616097797,39.91594341234174,14.441010288119566,0.8555898971188043,0.7199999999999998,0
6.36,1.76,55.7276031003306,48.7314705023652,12.554160252271634,0.8744583974772836,0.13999999999999968,0
7.25,2.42,56.91754377470189,51.78297340782166,9.021068068580979,0.9097893193141902,0.75,0
6.6,2.25,58.578830607738325,38.336358496563,34.555951187767945,0.6544404881223206,0.09999999999999964,0
6.43,1.18,59.17864951196583,28.21079537790675,52.32943703420848,0.47670562965791524,0.07000000000000028,1
6.31,3.3,43.27693970512972,39.3646494540223,9.040126861474192,0.909598731385258,0.1900000000000004,0
6.89,1.4,57.36188607347587,50.56605368219564,11.847295924989865,0.8815270407501014,0.3899999999999997,0
6.77,1.6,53.62321342259608,33.47370306577353,37.57609637831184,0.6242390362168816,0.2699999999999996,0
7.45,2.53,46.6659739038551,35.06389073585898,24.86197586254095,0.7513802413745905,0.9500000000000002,0
7.36,1.53,48.38036898431518,41.2297642777951,14.779971415344717,0.8522002858465528,0.8600000000000003,0
7.07,1.74,54.537973229927665,21.3701436118453,60.816029004689064,0.3918397099531094,0.5700000000000003,1
5.78,2.94,40.87290201880695,31.976940052006665,21.764938449212544,0.7823506155078745,0.7199999999999998,0
5.57,1.46,49.63763612643292,22.980486905251695,53.70350262708386,0.46296497372916146,0.9299999999999997,1
6.29,2.21,51.4268505494394,13.81511751234515,73.13637260546622,0.26863627394533784,0.20999999999999996,1
6.92,1.87,53.43174050887306,36.21867353115696,32.21505946424792,0.6778494053575208,0.41999999999999993,0
5.99,2.03,55.64861927113518,49.64130537585618,10.79508166412852,0.8920491833587147,0.5099999999999998,0
5.6,2.53,50.65893121956438,44.272134461899014,12.607444736612994,0.8739255526338701,0.9000000000000004,0
7.15,1.23,51.7595081959898,16.93198869226529,67.28719170176132,0.32712808298238694,0.6500000000000004,1
7.17,1.06,54.51715581323051,34.774860276081405,36.212996152594485,0.6378700384740552,0.6699999999999999,0
7.38,2.53,57.96968391461259,22.268994009340492,61.58510361701821,0.384148963829818,0.8799999999999999,1
6.79,3.27,47.19865667220707,40.604921990026405,13.970174464866469,0.8602982553513353,0.29000000000000004,0
6.96,1.68,46.69305564189729,44.06176203982959,5.635299651939382,0.9436470034806062,0.45999999999999996,0
6.77,0.83,48.29209039222634,41.612559205485276,13.831522165410925,0.8616847783458907,0.2699999999999996,0
5.95,2.24,44.524449228308825,10.414287815018096,76.60995701122192,0.2339004298877806,0.5499999999999998,1
5.97,0.92,50.72885210667743,24.03746318122622,52.61579518756315,0.4738420481243685,0.5300000000000002,1
7.01,0.64,45.30906211713305,39.40967681205532,13.020320945568542,0.8697967905443146,0.5099999999999998,0
6.62,1.38,44.63835656118306,41.12645367304398,7.867455611466174,0.9213254438853382,0.1200000000000001,0
6.14,2.77,47.89134924564574,15.879935056595281,66.84174635560288,0.3315825364439712,0.3600000000000003,1
6.28,3.24,50.00393162264801,46.81195111680309,6.383459064645224,0.9361654093535478,0.21999999999999975,0
6.6,3.32,46.38658252238071,42.81617130437794,7.697077525122934,0.9230292247487707,0.09999999999999964,0
6.09,3.04,58.19508013157908,51.382172958607505,11.70701570917609,0.8829298429082391,0.41000000000000014,0
6.46,1.09,50.18939263867766,13.451737570607674,73.19804671188368,0.26801953288116315,0.040000000000000036,1
6.11,1.24,54.05488744116954,39.39664645798738,27.117327733103526,0.7288267226689648,0.3899999999999997,0
5.59,1.32,41.39166628937035,28.830592675009278,30.346866266620527,0.6965313373337947,0.9100000000000001,0
7.1,3.25,43.15553965567559,36.68824408258297,14.986014830756671,0.8501398516924333,0.5999999999999996,0
5.98,3.2,58.91248510880585,45.64156925868031,22.526491329665348,0.7747350867033466,0.5199999999999996,0
6.12,2.41,40.980300006377945,35.62847901440177,13.059496858596079,0.8694050314140392,0.3799999999999999,0
7.39,3.12,55.270763034972205,50.966134066190406,7.78825681501461,0.9221174318498538,0.8899999999999997,0
6.47,2.82,57.10010349387768,23.781707454270776,58.35085052547993,0.41649149474520075,0.03000000000000025,1
7.15,1.05,56.76858855156421,51.886683927539785,8.599658276848078,0.9140034172315192,0.6500000000000004,0
6.98,1.21,48.88967441255903,23.089144764978514,52.77296271163701,0.4722703728836299,0.4800000000000004,1
7.19,3.3,46.73748675837981,31.847235027708027,31.85933340329223,0.6814066659670777,0.6900000000000004,0
7.45,1.56,59.000998778223064,19.778218793476793,66.47816273785381,0.3352183726214618,0.9500000000000002,1
7.17,0.57,47.51498958324205,29.120055287609755,38.71396049325866,0.6128603950674134,0.6699999999999999,0
6.47,2.66,52.8822249260117,34.545563103175134,34.67452787489872,0.6532547212510128,0.03000000000000025,0
5.71,1.89,47.21398381340326,34.58640327602412,26.7454248031372,0.732545751968628,0.79,0
5.67,3.08,43.11873658562191,39.02985313679605,9.482846142085974,0.9051715385791402,0.8300000000000001,0
7.13,2.11,47.14584913621478,42.59039109235454,9.66247957630059,0.9033752042369941,0.6299999999999999,0
6.32,1.65,46.83748201081333,13.60988461830232,70.94232218725975,0.2905767781274027,0.17999999999999972,1
5.52,1.6,49.706775691053835,31.906598935857613,35.810362888614954,0.6418963711138505,0.9800000000000004,0
6.76,2.55,50.497392747552844,46.78978353584553,7.342179486854771,0.9265782051314523,0.2599999999999998,0
5.82,2.89,47.788264173826065,37.31961718674348,21.9063135438519,0.7809368645614809,0.6799999999999997,0
6.7,2.95,40.698346170734894,25.578573103719577,37.15082918501378,0.6284917081498622,0.20000000000000018,0
6.04,2.71,54.71076088996587,49.287642049765246,9.912344028823844,0.9008765597117616,0.45999999999999996,0
6.15,1.58,55.60607629006828,14.415301672427548,74.07603155232472,0.25923968447675283,0.34999999999999964,1
5.75,1.18,50.005249501709784,30.00514848359482,39.996002854522544,0.6000399714547746,0.75,0
6.07,2.1,46.143072964695264,13.438440607460139,70.87658072156988,0.29123419278430124,0.4299999999999997,1
6.2,1.72,58.08831457752025,45.736303224939405,21.264193052282124,0.7873580694771788,0.2999999999999998,0
6.32,2.46,51.13560515261935,32.339371477493344,36.757624396986714,0.6324237560301329,0.17999999999999972,0
5.93,1.73,58.720154062182424,44.00831572444324,25.05415486846288,0.7494584513153713,0.5700000000000003,0
6.1,1.32,46.02094894940575,39.87846852239174,13.347139872684705,0.866528601273153,0.40000000000000036,0
5.69,0.72,50.220222065568855,31.717667547952775,36.84283692226341,0.6315716307773659,0.8099999999999996,0
6.01,3.47,58.90772936863421,42.87051246489624,27.22429989344843,0.7277570010655158,0.4900000000000002,0
6.59,1.11,40.261682814278295,37.84498286402619,6.002481221165079,0.9399751877883492,0.08999999999999986,0
6.42,3.0,49.64264488241062,33.66523710205399,32.18484393448936,0.6781515606551064,0.08000000000000007,0
7.38,2.09,56.58018423910188,39.64368359501772,29.933625830047315,0.7006637416995268,0.8799999999999999,0
6.57,2.69,55.31225279528227,13.657731783687773,75.30794517765025,0.24692054822349738,0.07000000000000028,1
5.55,3.19,52.79125575180345,41.128513581310656,22.092185541720838,0.7790781445827917,0.9500000000000002,0
7.29,3.14,45.28486837505895,36.11569297301831,20.247768694168585,0.7975223130583141,0.79,0
6.8,2.06,48.441556493570914,33.052492834279185,31.768309635827123,0.6823169036417287,0.2999999999999998,0
5.61,2.36,49.922445531161124,36.12140356090904,27.64496375009835,0.7235503624990165,0.8899999999999997,0
6.42,0.92,47.594520783584535,41.02893710675932,13.794830935853646,0.8620516906414636,0.08000000000000007,0
6.13,1.13,48.82261423983385,44.19355232268427,9.481388879362335,0.9051861112063767,0.3700000000000001,0
6.93,1.19,55.6659645086786,42.94329742397345,22.855378860311713,0.7714462113968829,0.4299999999999997,0
6.76,2.85,43.765858821922876,41.472699943802915,5.239606715934678,0.9476039328406533,0.2599999999999998,0
7.38,3.48,43.61297274719388,38.4563465287401,11.823606357550037,0.8817639364244997,0.8799999999999999,0
5.88,3.11,59.218475136031714,39.07395152474661,34.01729538798625,0.6598270461201374,0.6200000000000001,0
7.25,1.28,55.43192224667453,36.20532398174482,34.68506500526987,0.6531493499473012,0.75,0
7.38,3.47,45.32025005360031,42.039463883273875,7.239117538950572,0.9276088246104943,0.8799999999999999,0
7.05,1.5,49.30612869019143,14.683623284263312,70.21947641331582,0.29780523586684177,0.5499999999999998,1
6.67,1.85,56.49787930233522,41.39958882566667,26.723641069558685,0.7327635893044131,0.16999999999999993,0
5.57,2.93,56.499538110353804,11.922772418752846,78.89757541828834,0.21102424581711654,0.9299999999999997,1
6.16,3.27,47.30847268802124,16.262979171606375,65.62353792553475,0.3437646207446525,0.33999999999999986,1
6.64,0.54,50.069966220603355,39.72039119139006,20.670225706991864,0.7932977429300814,0.13999999999999968,0
6.38,1.5,52.17141092583704,11.703790730365734,77.56665859199599,0.2243334140800402,0.1200000000000001,1
5.98,2.13,47.48086894776057,34.33939070774286,27.67741730775028,0.7232258269224973,0.5199999999999996,0
7.22,2.5,59.393492508120104,44.73512202222577,24.680095187011084,0.7531990481298891,0.7199999999999998,0
5.6,1.15,50.734896808863425,30.624925265659982,39.637355761193184,0.6036264423880682,0.9000000000000004,0
6.27,2.33,45.87218048347759,42.29092610617386,7.80702887797897,0.9219297112202103,0.23000000000000043,0
6.97,1.1,44.659987454553644,39.09388633283061,12.463284113966994,0.87536715886033,0.46999999999999975,0
5.77,0.66,47.88644684764203,31.935556934472856,33.309821386245964,0.6669017861375404,0.7300000000000004,0
5.66,3.34,40.94836975972937,26.128676923284484,36.19116688503505,0.6380883311496495,0.8399999999999999,0
6.96,1.8,57.6202014363224,41.48137881546046,28.00896598512828,0.7199103401487172,0.45999999999999996,0
6.71,2.04,52.1304045615278,48.04174282872449,7.84314214937196,0.9215685785062804,0.20999999999999996,0
7.21,1.61,56.214728232214966,15.206695610805498,72.94891198621681,0.2705108801378319,0.71,1
7.2,0.9,59.554016433038186,17.62159175489818,70.41074169244037,0.29589258307559635,0.7000000000000002,1
6.65,1.45,57.561828596038374,54.396784615337126,5.49851187479315,0.9450148812520685,0.15000000000000036,0
7.34,1.25,40.045117359431906,37.7448580779558,5.7441691600744536,0.9425583083992555,0.8399999999999999,0
6.14,3.0,43.50770121737812,26.268398899013498,39.62356510685697,0.6037643489314303,0.3600000000000003,0
6.02,3.32,44.770606367795125,38.099946087659006,14.899642469293267,0.8510035753070673,0.4800000000000004,0
7.07,2.11,49.45243472144611,24.481152986856518,50.495555729959364,0.49504444270040643,0.5700000000000003,1
5.81,3.44,56.8782092599559,41.9730672306797,26.205364450125018,0.7379463554987499,0.6900000000000004,0
7.05,0.77,51.13088556078617,16.390568166413882,67.94389929560634,0.3205610070439364,0.5499999999999998,1
7.06,2.51,44.059346996069564,34.67194943216762,21.30625668314914,0.7869374331685086,0.5599999999999996,0
6.62,2.95,40.9571984655245,35.970098870087085,12.176368946804986,0.8782363105319502,0.1200000000000001,0
6.91,1.09,48.59711917718418,45.849694943619255,5.653471399298116,0.9434652860070188,0.41000000000000014,0
6.66,1.07,48.353003633366136,35.73456103026562,26.09650208863783,0.7390349791136217,0.16000000000000014,0
5.97,3.18,48.60438589146827,30.110541349007526,38.04974428389403,0.6195025571610597,0.5300000000000002,0
6.42,2.65,58.88973285885544,39.3551097696939,33.171526072263475,0.6682847392773653,0.08000000000000007,0
5.81,0.85,57.96863805443844,35.00195687138153,39.619149170778975,0.6038085082922102,0.6900000000000004,0
7.38,1.21,57.88678811457686,44.41447838361846,23.273548541494996,0.7672645145850501,0.8799999999999999,0
6.2,0.53,40.585775604549276,18.956549080464427,53.29262827161647,0.4670737172838353,0.2999999999999998,1
5.88,1.41,52.530676075680915,48.65065782288026,7.386195158064809,0.9261380484193519,0.6200000000000001,0
6.73,1.8,56.74203543908058,52.98707230126447,6.61760387825269,0.9338239612174731,0.23000000000000043,0
5.93,1.24,53.15931583942663,20.504197120650527,61.42877913894596,0.38571220861054034,0.5700000000000003,1
6.97,1.49,55.33495951909424,52.22789714052114,5.615007954421583,0.9438499204557842,0.46999999999999975,0
7.1,1.36,48.14466415632178,12.935833902043385,73.13132383675625,0.26868676163243743,0.5999999999999996,1
6.44,1.76,53.20197894772942,49.33189455122145,7.27432413803686,0.9272567586196314,0.05999999999999961,0
7.46,0.54,49.600326478371514,43.35546077471959,12.59037217501992,0.8740962782498009,0.96,0
6.19,0.75,57.728823637872146,13.818743094496822,76.06266294082036,0.23937337059179634,0.3099999999999996,1
5.93,1.25,53.77850373954155,32.484280363326334,39.59616184069896,0.6040383815930104,0.5700000000000003,0
6.55,0.55,46.34172018798205,9.378135803489283,79.76308223896844,0.2023691776103155,0.04999999999999982,1
7.06,1.23,48.49151109771275,43.11454193380245,11.088475162333978,0.8891152483766602,0.5599999999999996,0
6.37,2.04,59.36170119269844,18.202495575444075,69.33629729317292,0.3066370270682708,0.1299999999999999,1
5.72,2.19,58.20677586247865,51.3589406581291,11.764670182949978,0.8823532981705002,0.7800000000000002,0
7.06,1.45,46.875607974851825,34.60777997967484,26.17102694808465,0.7382897305191536,0.5599999999999996,0
7.29,1.26,53.46816571366588,34.7205709987753,35.063096825292625,0.6493690317470737,0.79,0
7.32,1.54,56.188300010585905,38.623301645934085,31.26095354609868,0.6873904645390132,0.8200000000000003,0
6.41,3.18,57.9467158190492,19.945626966437707,65.57936600113436,0.34420633998865646,0.08999999999999986,1
6.76,1.04,48.24327576852103,45.46536512495488,5.758130225018326,0.9424186977498167,0.2599999999999998,0
6.27,2.56,56.397270983438304,48.06080660405138,14.781680450167563,0.8521831954983243,0.23000000000000043,0
5.93,2.71,48.60047108748105,45.71844905549907,5.930029004851257,0.9406997099514874,0.5700000000000003,0
5.71,2.35,55.86559141928395,40.41426128779608,27.658044493831863,0.7234195550616813,0.79,0
5.8,1.1,43.14495220294868,40.33015663082058,6.524043783587098,0.934759562164129,0.7000000000000002,0
5.73,2.74,49.24177794682976,34.79117324566066,29.346228555704386,0.7065377144429562,0.7699999999999996,0
6.74,2.83,58.20356392331894,13.145617647647759,77.41441114333372,0.22585588856666283,0.2400000000000002,1
7.26,2.88,59.14154753882703,27.6514892035903,53.245238999813424,0.46754761000186573,0.7599999999999998,1
6.08,3.34,47.00822793634321,13.455742677005288,71.3757712900249,0.28624228709975097,0.41999999999999993,1
6.93,3.45,50.668847834302,40.05243789415388,20.95253867793887,0.7904746132206113,0.4299999999999997,0
6.15,2.66,56.70042153895863,48.59361819799578,14.297606827125081,0.8570239317287492,0.34999999999999964,0
5.82,0.53,46.573081052433004,19.13062889346023,58.923420007530645,0.41076579992469353,0.6799999999999997,1
6.15,1.73,50.74693094759426,11.578902876168373,77.18304799924599,0.22816952000754026,0.34999999999999964,1
6.66,0.96,47.002040650136905,42.349087409844415,9.89947069517063,0.9010052930482937,0.16000000000000014,0
5.57,0.73,42.37957922755124,36.07087286509429,14.886193958140154,0.8511380604185984,0.9299999999999997,0
7.22,1.27,49.014999926129335,42.228448422805734,13.84586659910565,0.8615413340089435,0.7199999999999998,0
6.04,1.03,46.09708832918537,30.687121166356228,33.42937205227484,0.6657062794772516,0.45999999999999996,0
7.37,2.82,56.176447779333074,49.528008172791765,11.83492347657344,0.8816507652342656,0.8700000000000001,0
5.66,2.23,50.767217656838014,23.124840537021196,54.44926548204,0.4555073451796,0.8399999999999999,1
6.32,1.83,52.94631058660704,32.045360584346426,39.47574395778123,0.6052425604221877,0.17999999999999972,0
7.16,1.42,59.29428088543241,47.239648239698155,20.33017765916758,0.7966982234083242,0.6600000000000001,0
6.8,2.28,52.11930081279306,48.71241578931472,6.536705155956532,0.9346329484404347,0.2999999999999998,0
6.16,2.12,43.36487774509917,12.463094616717182,71.2599336957068,0.2874006630429319,0.33999999999999986,1
6.19,1.46,50.692436301995386,40.27673205237603,20.546860655046803,0.7945313934495319,0.3099999999999996,0
7.18,1.19,41.05690824711357,35.355057854606656,13.887675998856466,0.8611232400114354,0.6799999999999997,0
6.82,2.99,43.72302597904687,34.6626098930466,20.722298795930175,0.7927770120406983,0.3200000000000003,0
7.03,0.53,46.14043438438445,39.31783924140232,14.786586285999809,0.852134137140002,0.5300000000000002,0
6.58,0.61,52.16149197062494,33.16468524759789,36.41921656252704,0.6358078343747297,0.08000000000000007,0
6.94,2.59,50.62144657512979,38.61242089365474,23.723197367842612,0.7627680263215738,0.4400000000000004,0
6.22,1.38,55.622612399551855,16.18007295778958,70.9109797979932,0.29089020202006804,0.28000000000000025,1
6.08,1.71,51.384876901800894,36.90378789534286,28.181616614810874,0.7181838338518913,0.41999999999999993,0
6.53,0.69,56.9798361080518,40.16059326098515,29.517885616890933,0.7048211438310907,0.03000000000000025,0
5.85,2.11,56.61259702015698,53.688141079723614,5.16573358998548,0.9483426641001452,0.6500000000000004,0
7.27,2.66,54.51846074832414,37.41101676463081,31.37917642735209,0.6862082357264792,0.7699999999999996,0
7.05,1.27,49.49434271339388,44.924236302557794,9.233593498352178,0.9076640650164782,0.5499999999999998,0
5.96,2.07,46.102426496929965,10.165148833829381,77.95094617306903,0.22049053826930984,0.54,1
6.44,0.77,45.842274402081195,19.278858876212222,57.94523913207722,0.42054760867922775,0.05999999999999961,1
6.58,3.1,56.84359623032063,50.4006603712832,11.3344972632128,0.8866550273678719,0.08000000000000007,0
6.38,2.91,45.085414495981965,16.676884630114174,63.01046620831128,0.3698953379168872,0.1200000000000001,1
6.87,1.63,42.52571650073957,17.02702995288484,59.96062770020883,0.4003937229979116,0.3700000000000001,1
6.56,2.8,57.42571383691096,50.61105764751313,11.866907233842065,0.8813309276615794,0.05999999999999961,0
6.76,2.75,49.496153218475094,37.06648407999,25.112394257430005,0.7488760574257,0.2599999999999998,0
6.07,2.32,46.25733902309565,13.256981101575436,71.3408047640691,0.286591952359309,0.4299999999999997,1
5.58,2.03,48.97010452311507,37.2935023662973,23.844348037497316,0.7615565196250268,0.9199999999999999,0
6.42,3.42,55.62981795265785,52.84229823603161,5.0108373876011605,0.9498916261239884,0.08000000000000007,0
6.75,0.73,58.75745155097653,42.59803439861304,27.501902696280112,0.7249809730371989,0.25,0
6.45,0.86,40.26252106253305,25.56438399162395,36.505754441161145,0.6349424555883886,0.04999999999999982,0
6.16,0.86,43.12674972800772,17.06249743849826,60.43639377855226,0.39563606221447745,0.33999999999999986,1
6.36,2.8,56.762297108901514,51.13750157781836,9.909386718954801,0.900906132810452,0.13999999999999968,0
6.25,0.83,44.516196121412186,13.109227843540033,70.55177893505028,0.2944822106494972,0.25,1
7.34,3.32,56.866919148232874,50.34169666003998,11.474548974921326,0.8852545102507867,0.8399999999999999,0
7.34,2.02,44.45053385071431,39.48495762769398,11.171015942569005,0.8882898405743099,0.8399999999999999,0
7.0,2.74,54.87798265231971,35.25396647714089,35.759361453767475,0.6424063854623252,0.5,0
5.78,2.53,40.267540393909414,35.676997653181246,11.400107123062577,0.8859989287693742,0.7199999999999998,0
6.52,2.09,47.315839406898064,40.89526236055365,13.569614587474426,0.8643038541252558,0.019999999999999574,0
5.82,1.19,48.74062692991993,42.273424556678435,13.268607280206185,0.8673139271979382,0.6799999999999997,0
5.64,2.38,44.78436434136808,40.671740699610844,9.183168505884849,0.9081683149411515,0.8600000000000003,0
5.7,2.68,49.205718402092025,44.54111059060374,9.47980836977265,0.9052019163022735,0.7999999999999998,0
5.69,3.07,46.90854933226809,40.175050325512004,14.35452407419505,0.8564547592580495,0.8099999999999996,0
5.7,2.73,51.54093356453403,38.58804656988637,25.131261889987773,0.7486873811001223,0.7999999999999998,0
6.86,1.71,54.436878458027905,32.99578635272185,39.38707125140842,0.6061292874859158,0.3600000000000003,0
7.47,1.07,53.2440260205924,48.52513965599724,8.862752720408677,0.9113724727959133,0.9699999999999998,0
6.45,2.0,44.60916426550034,39.74399899542066,10.906201338190685,0.8909379866180932,0.04999999999999982,0
6.85,2.09,52.89933537592778,47.938988430735094,9.376955135526947,0.9062304486447306,0.34999999999999964,0
6.54,1.89,53.48934835359849,24.83474032929716,53.57068071735743,0.4642931928264257,0.040000000000000036,1
5.97,1.63,58.352358995715235,27.66141977988688,52.595884286498105,0.47404115713501893,0.5300000000000002,1
6.89,1.18,44.63451806446248,11.969378897190742,73.18358208796113,0.2681641791203887,0.3899999999999997,1
7.36,3.42,53.04374536123142,47.01914702784864,11.357792124886487,0.8864220787511351,0.8600000000000003,0
5.95,1.09,57.02529114808917,50.127202182416326,12.096543177235466,0.8790345682276454,0.5499999999999998,0
6.65,1.3,51.49707066306678,17.673874739507315,65.67984448058547,0.34320155519414536,0.15000000000000036,1
5.7,1.26,52.80961339527704,13.011000590925601,75.36243923329076,0.24637560766709235,0.7999999999999998,1
7.0,3.45,58.82769314290222,39.96076010719773,32.07151602880906,0.6792848397119094,0.5,0
6.93,1.36,47.276182189990024,9.973306561603383,78.90416251988498,0.21095837480115032,0.4299999999999997,1
5.87,1.73,41.33912099188194,10.634206471925996,74.27568313797889,0.2572431686202111,0.6299999999999999,1
6.11,2.0,42.92602093456514,37.27519244262264,13.164109714609735,0.8683589028539026,0.3899999999999997,0
7.12,3.27,47.03592800819802,42.03661749108308,10.628706031363086,0.8937129396863691,0.6200000000000001,0
6.15,3.19,50.58474963926592,38.68532774358489,23.523733893197367,0.7647626610680264,0.34999999999999964,0
6.19,1.66,59.79465634457867,52.48078672516055,12.23164420792133,0.8776835579207867,0.3099999999999996,0
6.62,1.68,45.7740247284369,40.67954946339796,11.129620555026307,0.8887037944497369,0.1200000000000001,0
5.59,1.46,46.6870306616668,28.37172034878394,39.2299746917102,0.6077002530828981,0.9100000000000001,0
5.96,3.14,54.283610578749816,47.236943566161074,12.981205445732218,0.8701879455426779,0.54,0
7.3,2.48,47.87165610919315,19.107680854932873,60.085607209098654,0.3991439279090135,0.7999999999999998,1
7.26,2.89,45.203375420239425,17.958520186962037,60.27172745396074,0.39728272546039256,0.7599999999999998,1
5.87,1.29,47.32164229263475,11.406148349197265,75.89655008450003,0.2410344991549996,0.6299999999999999,1
7.27,2.95,56.131389768941716,34.05002803909715,39.33870481514871,0.6066129518485128,0.7699999999999996,0
7.36,2.04,56.72861537259448,50.45953333827654,11.051004846747105,0.889489951532529,0.8600000000000003,0
6.47,1.44,45.15195701990455,20.85343669570037,53.814988159854394,0.461850118401456,0.03000000000000025,1
6.73,1.98,51.93185006577681,46.04112943801624,11.343174988565567,0.8865682501143444,0.23000000000000043,0
7.08,2.65,58.037265941307446,41.89834768155514,27.807854139913225,0.7219214586008678,0.5800000000000001,0
6.81,2.49,44.241891861612494,34.32616557422171,22.412527742726105,0.7758747225727389,0.3099999999999996,0
6.72,2.63,46.38165216707482,17.150468873767803,63.02316094306254,0.36976839056937466,0.21999999999999975,1
6.85,3.39,41.88828810760275,39.290587119508345,6.201497137866845,0.9379850286213316,0.34999999999999964,0
7.48,2.53,41.21023890671929,35.263671818196066,14.4298292033285,0.855701707966715,0.9800000000000004,0
6.51,1.78,40.17912581673874,36.440303114911806,9.305385883406474,0.9069461411659352,0.009999999999999787,0
7.39,2.67,49.63295750914925,24.643201894101583,50.34911653298335,0.4965088346701665,0.8899999999999997,1
7.45,3.41,40.133807733445735,30.062368527021714,25.094651554905738,0.7490534844509426,0.9500000000000002,0
5.7,1.79,47.55206316887,16.433266121917704,65.44152865973697,0.34558471340263014,0.7999999999999998,1
6.41,1.27,47.52290551020636,43.55055611536468,8.358810035275619,0.9164118996472438,0.08999999999999986,0
5.94,0.64,42.89532163283751,25.908789417613907,39.59996467824584,0.6040003532175415,0.5599999999999996,0
6.6,1.47,44.67462207495059,38.75809888990707,13.243588664538395,0.867564113354616,0.09999999999999964,0
6.03,2.33,43.06617028908791,11.13310126664565,74.14884771059722,0.25851152289402785,0.46999999999999975,1
6.43,1.35,49.117164491120846,23.394703056891608,52.36959767675354,0.47630402323246457,0.07000000000000028,1
7.11,2.37,58.71282681237027,53.09151151566904,9.574254216485564,0.9042574578351443,0.6100000000000003,0
5.51,2.09,56.114133306872006,51.92046001147827,7.473470671746362,0.9252652932825364,0.9900000000000002,0
5.91,3.36,41.35075915268877,17.751985899168353,57.06974608708227,0.42930253912917726,0.5899999999999999,1
5.71,0.8,54.3698183582619,12.576182832146936,76.86918365391985,0.2313081634608016,0.79,1
7.29,2.07,52.678682783720525,31.88138475784196,39.479533137274316,0.6052046686272569,0.79,0
6.62,1.39,55.7481440279975,52.05350801008128,6.62737043956247,0.9337262956043753,0.1200000000000001,0
6.0,1.1,57.27445363786727,53.761299582714535,6.133893615756807,0.938661063842432,0.5,0
5.66,3.23,47.85804967313469,17.96204459970939,62.46808066273445,0.3753191933726555,0.8399999999999999,1
7.44,1.01,50.17549491607337,13.631219111254103,72.83291548184124,0.2716708451815876,0.9400000000000004,1
5.71,0.98,58.0014388220831,37.28091612575548,35.724152912631915,0.6427584708736809,0.79,0
7.34,2.1,47.790276888736216,16.128023585328762,66.25250022535441,0.337474997746456,0.8399999999999999,1
6.03,1.61,44.93679872291368,14.696120575082283,67.29602242985636,0.3270397757014364,0.46999999999999975,1
7.19,1.67,45.372825573549555,40.97523500972141,9.692124103445204,0.903078758965548,0.6900000000000004,0
7.45,3.44,59.13005259706644,53.1090235633221,10.182688445711033,0.8981731155428897,0.9500000000000002,0
7.28,1.78,58.04486923911503,40.169410829567944,30.795931912447568,0.6920406808755244,0.7800000000000002,0
5.51,1.44,56.99755591789826,44.31370469086008,22.25332476590496,0.7774667523409504,0.9900000000000002,0
6.22,0.61,44.003676406497995,10.729895708166959,75.61591079562052,0.24384089204379483,0.28000000000000025,1
6.11,2.43,49.220636513393075,45.48394429536874,7.591718601622661,0.9240828139837733,0.3899999999999997,0
6.0,1.55,52.29046594893458,23.79519763079912,54.49419468926353,0.45505805310736475,0.5,1
5.68,3.42,44.01815458764435,16.75948042578648,61.92598126207959,0.3807401873792041,0.8200000000000003,1
7.44,2.46,47.745705845240366,37.91085374436115,20.59840131541301,0.7940159868458699,0.9400000000000004,0
7.11,2.8,56.43779709790209,41.03208190301243,27.2968046009406,0.727031953990594,0.6100000000000003,0
7.01,3.07,53.59313954520951,19.24456393534411,64.09136673340439,0.35908633266595613,0.5099999999999998,1
6.13,3.01,56.531922257966905,51.67548432095473,8.590611716423226,0.9140938828357678,0.3700000000000001,0
7.37,3.44,44.3635323998647,26.732668584395284,39.741794356130185,0.6025820564386981,0.8700000000000001,0
6.29,2.74,54.80181157658069,35.46006813370003,35.293985520628794,0.6470601447937121,0.20999999999999996,0
6.98,2.61,55.09659241011008,39.1401010472219,28.960940531705564,0.7103905946829444,0.4800000000000004,0
6.61,1.66,40.29713378644099,29.35136721895297,27.16264294502009,0.7283735705497991,0.11000000000000032,0
5.98,1.67,47.70674927737168,30.49907519210478,36.069684784473175,0.6393031521552682,0.5199999999999996,0
5.58,1.97,50.37271871502148,45.38135511512007,9.908862827395788,0.9009113717260421,0.9199999999999999,0
6.16,2.78,59.19046130416088,26.603961264155743,55.05363418702469,0.4494636581297531,0.33999999999999986,1
6.08,0.65,53.75418231782729,42.201364391169015,21.491942447103035,0.7850805755289697,0.41999999999999993,0
7.07,1.97,43.643654657159,26.312763746489512,39.7099900244643,0.6029000997553571,0.5700000000000003,0
6.69,3.5,52.314847009003046,34.94852438723162,33.19578210518859,0.668042178948114,0.1900000000000004,0
6.54,1.68,50.75711976363456,10.672432366298558,78.97352644122071,0.2102647355877929,0.040000000000000036,1
6.06,2.5,56.12231544068976,11.380339392185617,79.72225610646375,0.20277743893536243,0.4400000000000004,1
6.92,2.26,57.83489890253995,17.84787462312405,69.13995708162253,0.3086004291837747,0.41999999999999993,1
5.56,2.71,53.535115600876075,21.602884016776983,59.64726371782886,0.4035273628217114,0.9400000000000004,1
6.98,1.4,56.39553496055231,18.356779379751547,67.44994192786399,0.3255005807213602,0.4800000000000004,1
6.79,0.83,47.41511354799073,12.116425616654432,74.44606854227838,0.2555393145772163,0.29000000000000004,1
6.12,3.34,44.89750443713119,40.205642235654004,10.450162565376163,0.8954983743462384,0.3799999999999999,0
6.68,2.57,54.57465853067167,35.66359553340019,34.65172940412117,0.6534827059587883,0.17999999999999972,0
6.93,2.01,53.703740303414634,47.02699984122692,12.432542732527683,0.8756745726747232,0.4299999999999997,0
6.29,1.4,49.40331317900952,14.43183248889506,70.78772341320044,0.29212276586799557,0.20999999999999996,1
6.2,1.21,56.4399758285458,17.72743474999139,68.5906407829726,0.31409359217027405,0.2999999999999998,1
5.76,2.31,40.487595682811445,12.187469700425492,69.89826267801932,0.3010173732198068,0.7400000000000002,1
6.17,2.57,40.01193464755671,25.64557439957025,35.90518772594198,0.6409481227405802,0.33000000000000007,0
5.57,1.05,44.604937598634166,34.33690963882492,23.019935712506545,0.7698006428749345,0.9299999999999997,0
6.84,1.4,48.233811365685966,30.286475048583284,37.20903616974089,0.6279096383025912,0.33999999999999986,0
6.45,1.67,54.25294729623211,19.668272066011703,63.74709016522375,0.3625290983477624,0.04999999999999982,1
6.89,0.85,51.250898470511544,47.194570813502644,7.914646919493143,0.9208535308050686,0.3899999999999997,0
5.56,2.66,52.53379925867968,44.7268436462095,14.860824312416934,0.8513917568758307,0.9400000000000004,0
6.73,0.96,50.48957198488733,45.78582777949478,9.316268727333405,0.9068373127266659,0.23000000000000043,0
6.06,1.0,51.71720780015622,46.344280850292115,10.38905072104042,0.8961094927895958,0.4400000000000004,0
6.27,2.31,40.41536435502404,26.16281875464624,35.26516667071953,0.6473483332928046,0.23000000000000043,0
6.07,1.05,44.98791131506987,32.81664859706496,27.054518341081174,0.7294548165891883,0.4299999999999997,0
5.76,2.49,40.48401445336581,27.140622748386786,32.959655521192175,0.6704034447880782,0.7400000000000002,0
6.72,2.24,45.445994708740514,32.90821113646639,27.588313673466065,0.7241168632653394,0.21999999999999975,0
7.27,0.99,52.463353298824174,40.94497751482054,21.95508876147607,0.7804491123852393,0.7699999999999996,0
6.01,1.27,46.70383575908481,31.557714416957136,32.43014432531156,0.6756985567468844,0.4900000000000002,0
7.17,2.07,50.958964784568856,13.034609485674284,74.42136130359273,0.25578638696407274,0.6699999999999999,1
6.75,0.65,40.79815225974391,27.951798523716757,31.487587119730478,0.6851241288026952,0.25,0
7.24,1.13,57.21116174811259,50.96275426653922,10.921658100710571,0.8907834189928943,0.7400000000000002,0
6.68,3.21,53.83046429124863,49.25415098852676,8.501344662312071,0.9149865533768793,0.17999999999999972,0
6.11,3.36,51.36915044762,34.25080854226727,33.32416782482694,0.6667583217517306,0.3899999999999997,0
5.86,1.19,59.89444461347408,52.47249265143052,12.39172015024226,0.8760827984975774,0.6399999999999997,0
7.0,2.39,41.611821155723696,12.56769341091974,69.79778086643282,0.3020221913356718,0.5,1
5.6,1.4,47.57278104591008,42.6975773164602,10.247884656448964,0.8975211534355104,0.9000000000000004,0
6.46,0.67,57.46166526255347,17.40611367616503,69.70830274995838,0.3029169725004162,0.040000000000000036,1
6.1,3.3,49.301498333624465,37.772576732139925,23.384525807852818,0.7661547419214718,0.40000000000000036,0
5.83,3.33,44.60405136492547,38.78297114045121,13.050563897995335,0.8694943610200466,0.6699999999999999,0
5.75,2.48,45.26444935027953,32.408412837560604,28.402060993236255,0.7159793900676374,0.75,0
6.43,2.35,54.13582978438637,25.698563465850697,52.52947342230899,0.47470526577691013,0.07000000000000028,1
6.7,1.36,40.30763557037632,8.416741502451586,79.11874168913697,0.20881258310863024,0.20000000000000018,1
6.96,1.39,52.0376289333515,48.290656012526924,7.2005066288158615,0.9279949337118414,0.45999999999999996,0
5.68,3.36,51.72869358606072,25.752003959779064,50.21717701620357,0.49782822983796426,0.8200000000000003,1
6.55,1.68,45.19557340343804,12.146779185835255,73.12396265579574,0.26876037344204257,0.04999999999999982,1
5.81,1.17,50.69808887988961,20.1194922498894,60.31508742360071,0.3968491257639929,0.6900000000000004,1
6.56,0.53,40.82884180558393,16.462264804803997,59.67981437437555,0.4032018562562445,0.05999999999999961,1
7.45,3.47,57.88851059681991,22.064371659967104,61.88471350793536,0.3811528649206463,0.9500000000000002,1
6.45,1.02,49.301731057014734,34.970039350525624,29.069347869175825,0.7093065213082417,0.04999999999999982,0
7.23,2.35,54.10462533373343,32.92641526769363,39.143067594325444,0.6085693240567456,0.7300000000000004,0
6.34,2.37,40.40754307759399,8.438115759902411,79.11747382487764,0.20882526175122365,0.16000000000000014,1
7.45,0.66,53.64860672794475,35.222847494349246,34.345270748658244,0.6565472925134176,0.9500000000000002,0
7.34,1.49,48.17740648585083,38.49290985344497,20.101739256657762,0.7989826074334223,0.8399999999999999,0
6.6,1.41,58.503152870896905,17.67042953958995,69.79576540330305,0.30204234596696955,0.09999999999999964,1
6.87,1.35,44.35870180696459,20.4972032402315,53.792148089840374,0.46207851910159625,0.3700000000000001,1
5.82,0.65,59.93750141180638,15.653561585977391,73.88352664481609,0.26116473355183906,0.6799999999999997,1
5.62,2.36,58.52083508638526,50.947169338594655,12.941827874825734,0.8705817212517426,0.8799999999999999,0
5.92,3.37,55.53066949195957,48.45631316038506,12.739548066494727,0.8726045193350527,0.5800000000000001,0
6.19,0.93,54.61727771392114,24.32632819332678,55.46037955105485,0.44539620448945144,0.3099999999999996,1
7.09,2.16,43.96859718171027,39.678204844918206,9.757855860311032,0.9024214413968897,0.5899999999999999,0
5.93,2.76,50.28840055719345,30.48092221832847,39.3877675953081,0.606122324046919,0.5700000000000003,0
6.3,2.9,55.76006328372918,23.097751191259498,58.57653339859205,0.41423466601407954,0.20000000000000018,1
5.64,0.9,46.477834717087546,41.61886537621517,10.454379749936974,0.8954562025006303,0.8600000000000003,0
6.38,1.38,43.25034957853179,21.231591528884696,50.910011743758396,0.49089988256241607,0.1200000000000001,1
7.2,3.15,52.68152264696333,46.033899923635204,12.618509088805368,0.8738149091119463,0.7000000000000002,0
5.81,1.46,43.984018167686635,33.04576443787522,24.868700463222634,0.7513129953677736,0.6900000000000004,0
6.81,2.39,59.27642205355834,44.3657895926029,25.154407004328228,0.7484559299567177,0.3099999999999996,0
6.69,1.77,51.974791768498434,40.5785474969715,21.926483750597953,0.7807351624940204,0.1900000000000004,0
6.67,3.24,49.49894639531901,43.384479179686814,12.352721948462374,0.8764727805153762,0.16999999999999993,0
7.26,0.82,52.285380116676095,18.501713761891384,64.61398249261198,0.35386017507388035,0.7599999999999998,1
6.33,2.72,49.653876923670744,23.482259642387397,52.70810438732719,0.472918956126728,0.16999999999999993,1
6.98,0.94,59.15859713212008,38.75608016087491,34.48783094987838,0.6551216905012163,0.4800000000000004,0
7.02,2.13,49.37753163444726,33.76746469592457,31.613704496384,0.68386295503616,0.5199999999999996,0
5.86,3.06,49.48045033610705,35.79610265844404,27.656069386412224,0.7234393061358778,0.6399999999999997,0
6.51,1.25,58.57941564780745,50.72140639737094,13.414284119323789,0.8658571588067621,0.009999999999999787,0
5.94,2.08,57.73434990029338,19.511600937777654,66.20451954257042,0.3379548045742956,0.5599999999999996,1
6.24,0.59,44.923480474631226,41.26440525113831,8.145128527072249,0.9185487147292775,0.2599999999999998,0
6.66,2.88,42.62448516760133,40.21611500666713,5.650203519090919,0.9434979648090908,0.16000000000000014,0
5.74,3.01,56.063253413848656,47.77322879277548,14.786913202981172,0.8521308679701883,0.7599999999999998,0
6.51,2.16,47.63232795736489,30.21221045825561,36.57204727575317,0.6342795272424683,0.009999999999999787,0
6.38,3.19,46.8528013291659,43.50808165357233,7.138782699662135,0.9286121730033786,0.1200000000000001,0
6.11,3.3,59.25164579642356,41.486682564474734,29.982227486111658,0.7001777251388834,0.3899999999999997,0
6.78,2.59,50.445956399978954,16.193409832065814,67.8994889031927,0.32100511096807294,0.28000000000000025,1
5.98,2.08,41.18151430357394,28.282776883782297,31.321668563975624,0.6867833143602438,0.5199999999999996,0
7.49,2.74,47.15841283969541,41.762017145551475,11.4431240773259,0.885568759226741,0.9900000000000002,0
6.77,2.63,55.85052449614595,12.652933420339522,77.34500520006279,0.2265499479993721,0.2699999999999996,1
7.07,3.07,50.05227238934617,44.253347101692626,11.585738290851047,0.8841426170914896,0.5700000000000003,0
6.85,2.76,55.777937334892606,47.99259938905204,13.957737266434103,0.860422627335659,0.34999999999999964,0
7.4,1.8,45.32933037830425,29.541474590983427,34.8292279095243,0.6517077209047569,0.9000000000000004,0
5.89,1.17,40.95540079258613,13.052884478561635,68.12902761062833,0.31870972389371677,0.6100000000000003,1
5.85,1.11,45.77984945957246,39.956617306404006,12.720077112334913,0.8727992288766508,0.6500000000000004,0
6.25,1.68,50.764349088614296,37.44008942254321,26.247277676725933,0.7375272232327407,0.25,0
5.83,2.1,42.772033354594384,18.349282029765163,57.09981361502384,0.42900186384976163,0.6699999999999999,1
5.81,0.93,40.151198375433474,31.569678584666686,21.373010365781244,0.7862698963421876,0.6900000000000004,0
6.3,1.82,51.3427136233133,11.460414585359208,77.67859589689596,0.22321404103104034,0.20000000000000018,1
5.9,1.77,48.48024830545799,42.91393626724266,11.48160793885345,0.8851839206114656,0.5999999999999996,0
6.91,3.02,59.22535445969453,55.71045724739626,5.934784594139169,0.9406521540586084,0.41000000000000014,0
7.29,0.63,55.84916436308148,35.582971851592674,36.287369278680856,0.6371263072131914,0.79,0
5.81,0.61,58.929346997156514,52.833589382616324,10.344179810501423,0.8965582018949858,0.6900000000000004,0
6.78,0.93,44.35451696393347,34.54018392169927,22.127020457047593,0.7787297954295241,0.28000000000000025,0
6.92,1.27,53.82577855133004,22.862970118219742,57.524125551817406,0.42475874448182593,0.41999999999999993,1
6.39,3.43,48.24728612429283,11.522490267100416,76.11784787766796,0.23882152122332048,0.11000000000000032,1
6.17,2.28,48.48180931372016,18.16837266051823,62.52538236980225,0.3747461763019775,0.33000000000000007,1
6.68,0.89,55.71181469763377,42.46387086383036,23.779415382005293,0.762205846179947,0.17999999999999972,0
5.86,1.29,43.61414767044347,30.318193946791844,30.48541455886815,0.6951458544113185,0.6399999999999997,0
6.37,2.27,40.6554738963368,10.595073226735748,73.93936852451645,0.26060631475483553,0.1299999999999999,1
6.48,2.29,52.35034877274586,45.22817840079036,13.604819335345814,0.8639518066465419,0.019999999999999574,0
5.92,0.59,46.72498430784547,40.17334229981873,14.021710451225708,0.8597828954877429,0.5800000000000001,0
7.06,1.94,45.80032801097896,15.586829529712118,65.9678648459117,0.34032135154088294,0.5599999999999996,1
7.03,0.54,52.482849242761134,13.087247757745267,75.06376283572224,0.24936237164277752,0.5300000000000002,1
6.89,1.5,46.50452735992757,42.62913623727808,8.333363099586881,0.9166663690041312,0.3899999999999997,0
7.21,0.67,58.487190876828045,13.131000374699543,77.54892964110215,0.2245107035889784,0.71,1
7.1,1.34,45.15499439148884,32.41796653552056,28.207351208018423,0.7179264879198157,0.5999999999999996,0
5.55,1.17,48.281229690232514,29.47609704672924,38.9491584289694,0.610508415710306,0.9500000000000002,0
6.34,3.28,43.10232861948796,8.753302080279175,79.6918116476855,0.20308188352314502,0.16000000000000014,1
6.41,1.27,42.297250872078145,36.279470750125896,14.22735520129227,0.8577264479870773,0.08999999999999986,0
7.06,1.95,58.3816302931605,24.00743373285729,58.87844581882153,0.4112155418117846,0.5599999999999996,1
7.36,3.02,49.86689746511368,15.614571304301263,68.68750193407351,0.3131249806592648,0.8600000000000003,1
6.16,2.53,43.39790294674346,21.295246057384436,50.93024175956775,0.49069758240432243,0.33999999999999986,1
6.97,1.62,42.50050072465991,30.24355850931142,28.83952425585586,0.7116047574414415,0.46999999999999975,0
6.64,2.39,55.00716745955546,49.506033669060926,10.000758163996165,0.8999924183600383,0.13999999999999968,0
5.61,2.05,51.8284055618177,31.374165391457666,39.46530854776825,0.6053469145223175,0.8899999999999997,0
5.9,0.99,58.183732178266254,55.12771568738351,5.252355557941127,0.9474764444205888,0.5999999999999996,0
7.38,1.58,42.903620435036224,38.26541721386868,10.810750174779807,0.891892498252202,0.8799999999999999,0
5.97,2.88,46.63314698464171,32.71118160911252,29.85422660862731,0.7014577339137269,0.5300000000000002,0
6.95,1.61,40.98162716602722,17.319646796236526,57.73802068407353,0.4226197931592646,0.4500000000000002,1
6.38,3.46,40.07304562046815,34.12311702777728,14.84770748158911,0.8515229251841089,0.1200000000000001,0
7.35,0.89,51.78022435128945,47.9983303233054,7.303742066327812,0.9269625793367219,0.8499999999999996,0
6.69,1.57,57.72987047381649,35.95925768018463,37.711175540409315,0.6228882445959069,0.1900000000000004,0
5.88,1.8,53.94786093831968,26.574373774522865,50.74063491617174,0.49259365083828255,0.6200000000000001,1
5.58,2.2,40.92735017937474,18.193217554844914,55.54753123496046,0.4445246876503955,0.9199999999999999,1
6.61,0.64,57.56364064947553,42.132030055469556,26.807912807277546,0.7319208719272245,0.11000000000000032,0
6.95,1.26,50.93758219667629,15.88747894132402,68.80990762384343,0.31190092376156575,0.4500000000000002,1
6.16,2.44,41.427067046179964,13.428941788785316,67.58413581677003,0.3241586418322997,0.33999999999999986,1
6.45,0.65,42.67214843744716,37.63688614458731,11.799879962081155,0.8820012003791884,0.04999999999999982,0
6.84,2.23,51.98999744734149,49.038218747515295,5.677589622534463,0.9432241037746554,0.33999999999999986,0
6.4,2.42,57.79138141572187,38.65138728763212,33.11911509850638,0.6688088490149362,0.09999999999999964,0
6.57,2.99,53.65085567075768,34.84498536648624,35.052321289484205,0.649476787105158,0.07000000000000028,0
5.78,3.08,51.46366410261383,45.791144851487566,11.022377341449657,0.8897762265855035,0.7199999999999998,0
7.38,1.99,55.07218002896436,18.022409132624492,67.27493060353542,0.3272506939646458,0.8799999999999999,1
7.07,3.1,53.25489581033656,48.29744667751226,9.308907767803912,0.9069109223219609,0.5700000000000003,0
6.05,2.0,53.27913290229036,47.70046680485635,10.47063980501491,0.8952936019498509,0.4500000000000002,0
5.55,0.66,49.80051884651317,39.34431872833109,20.99616702871798,0.7900383297128202,0.9500000000000002,0
5.59,2.68,43.55546166116222,9.203025064369395,78.87056017001055,0.21129439829989452,0.9100000000000001,1
7.37,2.04,42.420841308379316,18.82716849872625,55.61811619467492,0.4438188380532508,0.8700000000000001,1
6.38,2.86,56.94608846824998,35.43554395461083,37.773524209010866,0.6222647579098913,0.1200000000000001,0
5.69,1.16,50.66055282104378,36.693387662438376,27.57010016835745,0.7242989983164255,0.8099999999999996,0
5.58,2.85,41.637541683406276,18.251904888469667,56.16478747172636,0.4383521252827364,0.9199999999999999,1
7.06,2.02,47.465347065959556,37.709509593532886,20.55359978484853,0.7944640021515147,0.5599999999999996,0
6.48,1.11,46.49854964157977,13.036652227319971,71.96331428010309,0.2803668571989691,0.019999999999999574,1
6.05,0.55,55.02717453816787,39.730417208962365,27.798551275053,0.72201448724947,0.4500000000000002,0
7.06,2.88,46.63755449649177,42.26775705603647,9.369696776841085,0.9063030322315891,0.5599999999999996,0
6.49,3.08,40.60079891705,36.40630576460384,10.331060630151075,0.8966893936984892,0.009999999999999787,0
5.6,2.83,59.43751226146076,13.893622706452069,76.62482466403513,0.23375175335964865,0.9000000000000004,1
6.43,3.18,42.968009610658385,37.843797005019375,11.925645735212106,0.8807435426478789,0.07000000000000028,0
6.27,2.75,50.859082308144885,37.24395857924813,26.77028981058973,0.7322971018941027,0.23000000000000043,0
6.82,2.32,46.12416791342671,41.34432266617967,10.362995070650651,0.8963700492934935,0.3200000000000003,0
6.41,1.9,50.55795702111122,16.934108337841476,66.50555256659126,0.3349444743340873,0.08999999999999986,1
5.83,3.18,51.593074125289654,36.67146250544486,28.921733920349187,0.7107826607965082,0.6699999999999999,0
6.07,1.28,51.36203139605483,47.399777484030096,7.714363712509003,0.92285636287491,0.4299999999999997,0
6.63,1.34,48.57813886660273,17.984779427196464,62.97762770084029,0.37022372299159706,0.1299999999999999,1
7.16,1.56,43.12201652058893,34.17819459646278,20.740732103416022,0.7925926789658398,0.6600000000000001,0
6.17,1.21,44.69917851525599,21.141186467533664,52.70341162910164,0.4729658837089837,0.33000000000000007,1
5.55,2.66,53.09237927591788,45.54785564624764,14.21018182376383,0.8578981817623617,0.9500000000000002,0
7.19,2.71,51.37333636219564,44.15779386435746,14.045306395844515,0.8595469360415549,0.6900000000000004,0
6.81,3.05,40.53370058953725,32.03780909346413,20.960068714441814,0.7903993128555818,0.3099999999999996,0
5.54,1.94,51.638419566245545,21.973346191221182,57.44767873263014,0.4255232126736986,0.96,1
6.76,0.93,47.35720231923735,34.10496683416727,27.98356920608628,0.7201643079391372,0.2599999999999998,0
5.96,0.73,41.401961710228875,25.04599765271887,39.505287628603014,0.6049471237139699,0.54,0
5.77,3.31,59.601595535006,27.038708474598778,54.63425394590645,0.4536574605409354,0.7300000000000004,1
5.72,0.73,56.393905082468805,45.077264649872156,20.067133879179895,0.799328661208201,0.7800000000000002,0
6.63,1.32,49.06242429803362,17.54497588896543,64.23948441196654,0.3576051558803346,0.1299999999999999,1
6.26,1.51,53.5075884010857,41.55718998785527,22.334025453832545,0.7766597454616745,0.2400000000000002,0
5.63,1.25,57.07417910534764,36.138436702545405,36.681635602956284,0.6331836439704372,0.8700000000000001,0
6.39,3.43,43.31468138729468,29.644169587089596,31.560919675182,0.68439080324818,0.11000000000000032,0
6.57,3.26,56.60851026796519,16.513353681050166,70.82884957953914,0.2917115042046088,0.07000000000000028,1
5.6,0.89,56.677067257454596,50.370323291168205,11.127505835187476,0.8887249416481252,0.9000000000000004,0
7.35,3.34,40.630559609613,19.70814790190755,51.49427403592862,0.4850572596407138,0.8499999999999996,1
5.79,2.36,44.94935505633889,42.41285174278883,5.643024934108263,0.9435697506589173,0.71,0
7.2,1.34,56.67056043270212,37.273535216018395,34.22769259484955,0.6577230740515044,0.7000000000000002,0
6.08,2.96,49.10167766086191,37.47936540830502,23.66988829349273,0.7633011170650726,0.41999999999999993,0
6.37,0.75,47.952834612260496,33.72338200215135,29.673850826893535,0.7032614917310647,0.1299999999999999,0
6.72,1.87,46.16132575294394,31.203726706331405,32.402880122347035,0.6759711987765297,0.21999999999999975,0
7.5,2.32,40.072776526073,36.756519035096474,8.275587015586085,0.9172441298441392,1.0,0
5.97,1.59,47.162959845336886,42.11562922540029,10.701895378255479,0.8929810462174452,0.5300000000000002,0
6.87,1.24,46.73162492534586,13.665038581520117,70.75847757626634,0.29241522423733657,0.3700000000000001,1
5.74,2.17,43.875828505089785,41.22290024846518,6.046445952164422,0.9395355404783557,0.7599999999999998,0
5.82,0.75,42.543062629025144,38.82679558058223,8.735306813354523,0.9126469318664547,0.6799999999999997,0
6.57,1.86,59.3078958627046,41.938270746478,29.287205124316984,0.7071279487568302,0.07000000000000028,0
7.45,1.19,40.18393945257665,31.37484403108354,21.921930854711807,0.780780691452882,0.9500000000000002,0
5.87,3.17,43.84645136260296,14.283683516797414,67.42339899146297,0.32576601008537026,0.6299999999999999,1
5.8,0.77,53.98170839894902,37.98685836535478,29.630129367868708,0.7036987063213129,0.7000000000000002,0
6.12,2.02,53.75773145165141,25.486377209100368,52.590303718410645,0.47409696281589353,0.3799999999999999,1
7.15,1.75,51.36360750273129,46.107819025423034,10.232514289477775,0.8976748571052222,0.6500000000000004,0
6.85,3.48,49.30149073827141,21.261853793353236,56.87381157250031,0.4312618842749969,0.34999999999999964,1
7.23,1.3,41.18975457751471,35.14069515644576,14.685835065332256,0.8531416493466775,0.7300000000000004,0
5.75,3.36,51.94857592641226,47.009947130525,9.506764541309225,0.9049323545869078,0.75,0
5.92,1.87,54.043821438479654,33.80217893135494,37.45412883166788,0.6254587116833211,0.5800000000000001,0
6.68,0.79,52.88783766334323,47.833886646356135,9.555979673735095,0.9044402032626491,0.17999999999999972,0
6.46,1.56,42.02101103282225,32.00433061271436,23.83731417667211,0.7616268582332789,0.040000000000000036,0
5.52,2.18,50.46502181944889,39.517375609610944,21.693533095072983,0.7830646690492702,0.9800000000000004,0
7.08,2.72,56.24358541255711,21.489111292595144,61.79277843869922,0.38207221561300786,0.5800000000000001,1
6.21,2.58,46.58439937910768,34.16572978424906,26.658430204915735,0.7334156979508426,0.29000000000000004,0
5.78,1.26,40.97797014444785,27.02371669181211,34.05306169009062,0.6594693830990938,0.7199999999999998,0
7.29,2.58,48.65731245880802,29.490041933821495,39.39237404699042,0.6060762595300958,0.79,0
7.3,3.28,55.15016563128512,47.41914531587984,14.018127102450068,0.8598187289754994,0.7999999999999998,0
6.5,1.81,52.71831300738587,48.382055626503565,8.225334107855074,0.9177466589214492,0.0,0
6.94,1.61,58.26610024661767,51.17999216688471,12.161630947910067,0.8783836905208993,0.4400000000000004,0
7.49,1.05,50.58560041343533,39.42900305339792,22.05488769304844,0.7794511230695156,0.9900000000000002,0
5.64,1.03,58.455015577054695,22.241910524758776,61.950381322814366,0.38049618677185637,0.8600000000000003,1
7.23,1.89,57.70727845953473,41.40857242119136,28.24376139965132,0.7175623860034869,0.7300000000000004,0
6.68,0.66,42.11305400097553,30.735281206276092,27.017211324630786,0.7298278867536921,0.17999999999999972,0
7.13,2.06,56.97150192485997,37.76589857080856,33.71089528126148,0.6628910471873852,0.6299999999999999,0
6.75,3.02,54.02435747477206,38.601216678940354,28.548494636023953,0.7145150536397605,0.25,0
6.25,2.69,57.92345424339225,12.445910901289517,78.5131755972421,0.2148682440275791,0.25,1
6.74,1.0,47.293060423183384,19.06332077591784,59.691082358939774,0.4030891764106023,0.2400000000000002,1
6.38,1.21,54.89866734469237,33.58210243035938,38.82892963592838,0.6117107036407162,0.1200000000000001,0
6.87,2.84,50.423842687305225,44.32322211489756,12.098682383727894,0.879013176162721,0.3700000000000001,0
7.18,0.54,44.84131340116665,17.87392281075322,60.13960909028996,0.39860390909710036,0.6799999999999997,1
6.92,0.74,58.44305330914001,28.31417336739488,51.55254257914213,0.4844745742085788,0.41999999999999993,1
7.02,1.31,55.144356407803286,15.337387264101476,72.18684147716131,0.27813158522838677,0.5199999999999996,1
6.03,1.64,46.12377851794572,9.936341822693866,78.45722501067893,0.21542774989321092,0.46999999999999975,1
6.51,2.06,52.10334438554706,46.37459593294975,10.994972626337601,0.890050273736624,0.009999999999999787,0
5.95,2.19,48.24779048688761,16.648191315080723,65.49439643333463,0.34505603566665366,0.5499999999999998,1
6.99,1.12,42.26016104324612,39.89829242590238,5.588877465295897,0.9441112253470411,0.4900000000000002,0
7.05,2.93,45.625460182837514,11.688227170653128,74.38222623111257,0.2561777376888743,0.5499999999999998,1
5.68,2.86,53.18829171557058,14.693481544346323,72.37459397470198,0.2762540602529802,0.8200000000000003,1
7.02,0.81,51.70136489910526,19.37307555135281,62.52888953868202,0.37471110461317975,0.5199999999999996,1
7.39,0.81,59.13006463586177,37.30508044641537,36.91013078346912,0.6308986921653088,0.8899999999999997,0
6.15,3.43,51.24407277275672,24.65073259132815,51.89544613160918,0.48104553868390826,0.34999999999999964,1
6.35,3.12,40.575841421720924,13.27730283446608,67.27781268546038,0.3272218731453963,0.15000000000000036,1
6.18,2.67,45.23252442707899,21.55968134459172,52.33588746666379,0.47664112533336206,0.3200000000000003,1
5.98,2.24,50.85906809959184,44.00905209403803,13.468622728478147,0.8653137727152186,0.5199999999999996,0
7.33,2.39,49.10178065312434,36.891652051058706,24.866977204601035,0.7513302279539896,0.8300000000000001,0
6.57,1.03,41.19968759705794,39.02469309613619,5.279152895996873,0.9472084710400313,0.07000000000000028,0
6.62,3.07,45.901125727382535,19.20409140134536,58.162047015136565,0.41837952984863436,0.1200000000000001,1
6.69,1.23,55.32337206635119,36.34470678694083,34.30496835342684,0.6569503164657317,0.1900000000000004,0
6.53,0.53,45.264354418630354,22.12868514754103,51.11233677855552,0.4888766322144448,0.03000000000000025,1
6.31,2.47,50.47608815257844,45.79913625064285,9.265678211429858,0.9073432178857014,0.1900000000000004,0
6.06,1.89,59.84861328421678,47.16129632305677,21.19901575815776,0.7880098424184224,0.4400000000000004,0
5.84,2.81,51.86458502368135,23.570576497086726,54.55361980371691,0.45446380196283087,0.6600000000000001,1
7.31,0.79,52.19057540604279,21.086532121912846,59.597049931219225,0.40402950068780774,0.8099999999999996,1
6.24,2.15,53.80875567021513,26.58535501306432,50.592882734546926,0.49407117265453077,0.2599999999999998,1
5.82,1.62,59.03708736309137,54.46298112567602,7.747852141288012,0.9225214785871199,0.6799999999999997,0
5.85,2.12,44.55987166876434,40.71918438514187,8.619161455787399,0.9138083854421261,0.6500000000000004,0
6.42,3.11,57.66360040807595,38.066039813193726,33.98601623241259,0.6601398376758741,0.08000000000000007,0
7.01,2.88,48.76719363251408,32.06275877687469,34.25342655867367,0.6574657344132633,0.5099999999999998,0
6.57,3.42,43.29401375017736,30.74903896166809,28.976234129961853,0.7102376587003815,0.07000000000000028,0
6.86,1.91,46.49647827248816,43.40801927461713,6.642350372799013,0.9335764962720099,0.3600000000000003,0
5.52,2.05,41.199833320633076,19.195827369595342,53.40799750279091,0.46592002497209084,0.9800000000000004,1
6.65,1.37,49.383104717018604,42.898308852147004,13.13160827378434,0.8686839172621565,0.15000000000000036,0
6.47,0.92,56.81489879324682,26.603253321387207,53.17556858070238,0.4682443141929762,0.03000000000000025,1
5.87,1.09,40.008190783449024,29.775961844113148,25.575335297513234,0.7442466470248676,0.6299999999999999,0
5.66,1.45,54.33186844176686,14.908469440116058,72.56035938448349,0.27439640615516514,0.8399999999999999,1
7.21,0.61,57.31877479503876,21.40307706766738,62.659569845655646,0.37340430154344345,0.71,1
5.82,1.07,44.45955125773948,27.45643522119315,38.24401181644055,0.6175598818355945,0.6799999999999997,0
6.36,1.06,58.60124100358834,46.67316705579815,20.354643935031675,0.7964535606496833,0.13999999999999968,0
7.18,1.46,54.39755502313951,36.07741014762993,33.67825055320336,0.6632174944679664,0.6799999999999997,0
6.71,1.73,54.81900217428572,12.900948134718849,76.46628427547269,0.23533715724527315,0.20999999999999996,1
6.33,1.23,57.50864682804329,34.86598260539805,39.372625633757494,0.606273743662425,0.16999999999999993,0
6.15,2.05,42.6461277445031,26.947445568303312,36.81150670994573,0.6318849329005427,0.34999999999999964,0
7.41,0.98,49.90597857014141,45.29063688215927,9.248073718252831,0.9075192628174716,0.9100000000000001,0
5.79,2.74,59.21878418589999,50.42626241282778,14.847521599684768,0.8515247840031523,0.71,0
7.31,2.65,56.63427265323389,52.86989638796096,6.646816651679882,0.9335318334832011,0.8099999999999996,0
6.79,0.65,57.63643839363036,53.04774414786175,7.961446566892175,0.9203855343310783,0.29000000000000004,0
5.83,2.47,53.86561463657023,49.49544795156515,8.11309165316403,0.9188690834683597,0.6699999999999999,0
6.25,2.77,40.70280750388629,35.064456418898786,13.852486918621418,0.8614751308137858,0.25,0
5.97,2.29,50.394903595882894,35.95606047831775,28.65139545329887,0.7134860454670112,0.5300000000000002,0
6.37,1.58,46.413016501693654,19.021649792403128,59.01656210664736,0.4098343789335263,0.1299999999999999,1
7.47,1.01,52.28435110217745,17.11653584332895,67.26260251393632,0.3273739748606368,0.9699999999999998,1
5.61,1.74,50.119069559101334,19.147309025484965,61.796359761016504,0.38203640238983494,0.8899999999999997,1
6.1,2.51,54.29854047881838,15.113922636589262,72.16514016157554,0.2783485983842445,0.40000000000000036,1
6.4,2.13,56.90915158720976,50.81928078355378,10.701039523183951,0.8929896047681605,0.09999999999999964,0
7.19,2.15,50.15255452392487,44.97499150770513,10.323627710229253,0.8967637228977074,0.6900000000000004,0
7.27,2.58,52.91108053220083,18.74463338483771,64.57333096149864,0.35426669038501357,0.7699999999999996,1
6.92,2.41,52.38519633161023,15.741736773768453,69.95002810694902,0.3004997189305099,0.41999999999999993,1
6.11,2.68,44.05973857918418,38.98475115619345,11.518423818765882,0.8848157618123412,0.3899999999999997,0
6.55,1.04,58.84380106011008,53.507106982684256,9.069254503077206,0.9093074549692279,0.04999999999999982,0
6.38,2.65,54.72360443570781,12.842859221842096,76.53140842188023,0.2346859157811976,0.1200000000000001,1
5.98,2.78,46.35992179708638,31.799358009718905,31.40765390221727,0.6859234609778273,0.5199999999999996,0
6.21,1.14,56.73346031569062,52.3359398652497,7.7511937857679225,0.9224880621423208,0.29000000000000004,0
7.49,2.22,40.66221309894297,30.69018943379169,24.524055394836605,0.7547594460516339,0.9900000000000002,0
7.02,1.99,44.950973915782,29.26141876808277,34.903704594019324,0.6509629540598068,0.5199999999999996,0
5.83,1.47,47.51799496722893,41.04956509597308,13.612590084486605,0.8638740991551339,0.6699999999999999,0
6.68,1.3,46.406934116906996,19.026999095103452,58.999663612400695,0.410003363875993,0.17999999999999972,1
6.37,2.99,56.63062233749879,34.61871432807046,38.8692673695956,0.611307326304044,0.1299999999999999,0
6.79,2.51,46.09140440824524,40.73589420062772,11.619325287166731,0.8838067471283327,0.29000000000000004,0
7.23,2.42,44.17879147883076,9.753670141035007,77.92227941384795,0.22077720586152053,0.7300000000000004,1
7.06,2.3,40.63085353348725,35.71358812806003,12.102294138060602,0.878977058619394,0.5599999999999996,0
6.04,3.22,52.639892415711216,46.43475516245402,11.787898813040082,0.8821210118695991,0.45999999999999996,0
7.41,2.44,53.2064762107343,15.999168157218662,69.93003615978827,0.30069963840211733,0.9100000000000001,1
6.37,2.17,53.50139382469672,40.396688309972276,24.494138522191538,0.7550586147780847,0.1299999999999999,0
7.17,2.58,53.91130846380929,49.41326237545748,8.343418508143529,0.9165658149185647,0.6699999999999999,0
7.37,0.78,54.27573636862939,47.32837145071701,12.800130192112622,0.8719986980788738,0.8700000000000001,0
5.76,2.93,54.13199945743641,24.747022785453456,54.283929961035604,0.457160700389644,0.7400000000000002,1
7.29,2.22,41.732136686683454,25.046513239371514,39.982672281039115,0.6001732771896089,0.79,0
7.32,3.26,50.108407443359255,36.21527208850343,27.726156275391755,0.7227384372460824,0.8200000000000003,0
6.34,1.77,59.59231443101661,29.48347168906845,50.5247078074167,0.4947529219258329,0.16000000000000014,1
6.32,1.7,59.009540450961254,56.00363026907776,5.09393931712025,0.9490606068287974,0.17999999999999972,0
6.5,3.34,57.87433489129406,17.769448873440354,69.29649574925244,0.30703504250747565,0.0,1
5.82,1.39,44.80420324188228,28.731669026574828,35.87282677149159,0.641271732285084,0.6799999999999997,0
6.88,1.96,45.34404007948167,14.625014863013368,67.74655536344405,0.3225344463655596,0.3799999999999999,1
6.57,1.25,40.21867504710055,30.72989143345797,23.592979138497615,0.7640702086150238,0.07000000000000028,0
7.05,2.37,55.07374978357561,14.435082676620134,73.7895408732001,0.262104591267999,0.5499999999999998,1
6.51,1.38,53.85853558603467,46.27538381820658,14.079758547676475,0.8592024145232353,0.009999999999999787,0
6.0,1.13,49.716685879424695,43.36548716712127,12.774782952561752,0.8722521704743825,0.5,0
6.75,1.14,51.53614810404801,47.82493072436854,7.201192786443353,0.9279880721355664,0.25,0
6.32,1.36,44.404754593601005,40.18880444308875,9.494366513444936,0.9050563348655506,0.17999999999999972,0
7.49,3.39,50.80544859859291,45.81539970549859,9.821877437831581,0.9017812256216842,0.9900000000000002,0
5.57,2.61,56.187827317036366,39.33632726376634,29.991371544207375,0.7000862845579262,0.9299999999999997,0
6.41,2.7,53.72499230560436,26.255037256469254,51.13068214673259,0.48869317853267413,0.08999999999999986,1
6.9,2.76,49.88045880664936,20.977568166529363,57.94431593373209,0.4205568406626791,0.40000000000000036,1
5.99,2.87,44.08933808640832,32.10449314193393,27.183091116010715,0.7281690888398928,0.5099999999999998,0
7.07,1.3,51.72444772916464,45.16067937332476,12.689876149492301,0.8731012385050769,0.5700000000000003,0
6.83,3.14,44.51364747155067,28.587725997379057,35.77761513331413,0.6422238486668588,0.33000000000000007,0
6.84,3.34,58.143313472899166,45.14480426067544,22.35598289093445,0.7764401710906554,0.33999999999999986,0
5.97,0.53,52.878266314465755,47.70098720307074,9.79093959057936,0.9020906040942064,0.5300000000000002,0
6.73,0.74,45.696142225112396,31.56396745526103,30.926406654268956,0.6907359334573104,0.23000000000000043,0
6.14,1.46,48.9509797651683,36.705103510015704,25.01661113607844,0.7498338886392156,0.3600000000000003,0
6.16,2.36,40.833208138407656,36.21817349664152,11.302160305707751,0.8869783969429225,0.33999999999999986,0
6.44,1.84,55.05193901833942,39.281981275571454,28.645599090550704,0.713544009094493,0.05999999999999961,0
6.34,1.31,40.20468305617924,10.673836002692102,73.45126191449583,0.26548738085504175,0.16000000000000014,1
7.26,1.17,53.71561922205789,24.846095129338853,53.74512015466816,0.4625487984533184,0.7599999999999998,1
6.21,2.47,46.089956558572986,41.159864288527345,10.696673718449441,0.8930332628155055,0.29000000000000004,0
6.93,2.59,53.35054371268984,25.420026056708874,52.352826629838965,0.4764717337016103,0.4299999999999997,1
6.55,0.57,42.537371767564025,16.343190337542612,61.57921926430638,0.3842078073569361,0.04999999999999982,1
7.08,2.54,48.366416945964154,33.007988207059405,31.75432398902624,0.6824567601097375,0.5800000000000001,0
5.95,2.48,47.588309562093215,42.07265446713905,11.590357265700597,0.884096427342994,0.5499999999999998,0
5.62,0.95,44.24144942612428,37.98574769625807,14.139911352389495,0.8586008864761051,0.8799999999999999,0
6.34,2.69,52.445024659524655,44.684500667080506,14.79744559722453,0.8520255440277548,0.16000000000000014,0
7.11,1.16,48.398047800555936,38.11123379580153,21.254605241817714,0.7874539475818229,0.6100000000000003,0
6.19,0.54,42.88470987296588,32.46210796615745,24.30377152528842,0.7569622847471158,0.3099999999999996,0
6.08,1.69,43.785804958685524,15.949425164618104,63.57398207097638,0.36426017929023624,0.41999999999999993,1
6.31,2.68,56.76069416311432,42.43350094308637,25.241398878695197,0.747586011213048,0.1900000000000004,0
6.54,1.9,50.617384527585195,32.74161217365697,35.315480088044424,0.6468451991195558,0.040000000000000036,0
6.0,2.48,50.830636490696435,38.93351997297281,23.405405360015827,0.7659459463998417,0.5,0
7.05,1.24,56.92623611535209,35.358343410829235,37.887438510459226,0.6211256148954077,0.5499999999999998,0
7.16,2.47,57.883281949931586,44.58135173193544,22.98060816506944,0.7701939183493056,0.6600000000000001,0
6.61,1.42,41.78219954979911,11.722152191205868,71.94462637795182,0.2805537362204817,0.11000000000000032,1
5.6,2.51,43.93143112745914,41.55706042170385,5.404719684333707,0.945952803156663,0.9000000000000004,0
5.54,1.22,56.52381721484714,52.52318982913914,7.07777284485513,0.9292222715514487,0.96,0
5.72,2.0,56.64579544858248,45.170916315284686,20.257247766453506,0.7974275223354649,0.7800000000000002,0
7.29,2.38,41.7748717856376,27.423376853820404,34.35437218206211,0.6564562781793789,0.79,0
6.34,1.09,48.035235382053784,22.928232536866762,52.26788761519659,0.47732112384803405,0.16000000000000014,1
6.69,1.66,58.6910673135449,27.22435293838873,53.614145755863916,0.4638585424413608,0.1900000000000004,1
6.45,1.37,53.65414235326524,10.76665309769101,79.93323045441284,0.20066769545587157,0.04999999999999982,1
6.75,0.98,50.058619571728585,47.48087140290531,5.149459155839571,0.9485054084416042,0.25,0
6.86,3.2,40.88572051780169,14.760753298251961,63.89753412361875,0.3610246587638125,0.3600000000000003,1
6.37,1.51,50.49954225492445,46.995423362641674,6.938912187745766,0.9306108781225423,0.1299999999999999,0
6.05,2.93,46.17834457641538,30.194574036947877,34.6131302152197,0.653868697847803,0.4500000000000002,0
6.86,0.97,43.08895110199755,39.62182910035719,8.046429335059008,0.91953570664941,0.3600000000000003,0
6.92,1.7,48.62019212357124,45.97995970926744,5.4303208173128725,0.9456967918268713,0.41999999999999993,0
7.05,1.4,42.98195480571906,17.96526630243833,58.202770479745794,0.4179722952025421,0.5499999999999998,1
6.17,2.88,41.32316958093925,29.11086133891994,29.553174080945542,0.7044682591905446,0.33000000000000007,0
7.26,3.17,48.898584020131196,37.38042036084207,23.555208990401802,0.764447910095982,0.7599999999999998,0
6.74,1.68,44.837035629440805,27.03072068832288,39.71340810369269,0.6028659189630731,0.2400000000000002,0
6.61,2.18,40.929548226810105,32.62086587328584,20.299961063537534,0.7970003893646247,0.11000000000000032,0
7.09,2.32,52.053050190100265,45.22407418254131,13.119261950297254,0.8688073804970274,0.5899999999999999,0
5.75,2.42,44.32510312582402,38.68552508633641,12.723214706300286,0.8727678529369971,0.75,0
5.72,0.92,57.50363291592412,18.074478605049848,68.56811006797348,0.3143188993202653,0.7800000000000002,1
5.59,0.9,57.92385909399525,18.28861884100395,68.4264496063249,0.31573550393675104,0.9100000000000001,1
6.2,2.36,50.349633710782875,46.62106968448225,7.405344888342485,0.9259465511165752,0.2999999999999998,0
6.21,0.59,55.75235314469221,39.91971367422064,28.39815465614815,0.7160184534385186,0.29000000000000004,0
7.43,1.04,51.0008678959842,39.14492490658133,23.246551438267595,0.7675344856173241,0.9299999999999997,0
6.34,1.06,55.08046184616035,50.359753907442595,8.570567094921394,0.9142943290507861,0.16000000000000014,0
6.08,2.82,52.97359492356651,20.097979069041354,62.060382917111944,0.3793961708288805,0.41999999999999993,1
6.24,3.32,56.015150415845966,33.65466476156308,39.91863895443078,0.6008136104556921,0.2599999999999998,0
7.16,1.65,55.01844345858845,22.974707072958704,58.24180833059841,0.41758191669401584,0.6600000000000001,1
5.7,1.03,54.94725121746694,26.934067468156538,50.98195656492715,0.49018043435072844,0.7999999999999998,1
5.52,3.11,42.521743699431404,12.112458732619,71.51467066299784,0.2848532933700216,0.9800000000000004,1
5.61,2.95,48.183206520595434,23.782301584478247,50.641928377446746,0.4935807162255326,0.8899999999999997,1
6.21,2.6,46.2319126245136,33.12174548112976,28.357397302296384,0.7164260269770362,0.29000000000000004,0
5.88,2.99,52.37244215462623,16.54559053952992,68.40783080025152,0.3159216919974848,0.6200000000000001,1
7.48,0.99,42.33232803827827,29.427877585208282,30.483677725924647,0.6951632227407535,0.9800000000000004,0
5.72,1.29,43.43000277567217,37.484998988695686,13.688702295701095,0.8631129770429891,0.7800000000000002,0
5.77,1.41,45.704241367786366,32.996207444458,27.804933509486812,0.7219506649051318,0.7300000000000004,0
6.93,1.21,57.4083836761058,39.544244681008124,31.117648418540984,0.6888235158145902,0.4299999999999997,0
5.98,0.95,46.09637575848809,33.864811234833006,26.534764007781646,0.7346523599221836,0.5199999999999996,0
7.14,0.54,46.86439232928219,32.86047072363897,29.881794918512526,0.7011820508148747,0.6399999999999997,0
6.83,2.77,45.079409894908366,39.25376772633044,12.923066611029272,0.8707693338897072,0.33000000000000007,0
6.52,1.32,56.54585985056111,35.78544962000534,36.71428869491276,0.6328571130508724,0.019999999999999574,0
6.41,1.8,58.93773514545627,53.41818397264366,9.365054763625634,0.9063494523637436,0.08999999999999986,0
6.48,3.17,52.333436734092416,45.36178608546466,13.321599122279892,0.8667840087772011,0.019999999999999574,0
5.67,2.59,56.31638063031757,49.0980708095428,12.817424948095542,0.8718257505190445,0.8300000000000001,0
6.54,1.9,55.010675692260236,47.63688612667856,13.404288300023797,0.865957116999762,0.040000000000000036,0
5.74,1.6,42.24368075899941,25.73311916221474,39.08409802398038,0.6091590197601962,0.7599999999999998,0
5.9,0.75,51.33546973556966,40.497574626539176,21.111904039948914,0.7888809596005109,0.5999999999999996,0
6.78,2.89,46.752635963676205,19.106071606303136,59.13370184913782,0.4086629815086218,0.28000000000000025,1
6.53,1.6,52.163750061466665,49.135877487354534,5.804553105450175,0.9419544689454983,0.03000000000000025,0
6.36,1.7,51.40345336353238,18.30322267445631,64.39300965829403,0.3560699034170598,0.13999999999999968,1
6.58,3.36,45.39020448834801,29.208321397500388,35.650606277840474,0.6434939372215953,0.08000000000000007,0
6.07,2.03,52.569547774711225,12.022921784784522,77.12949360662336,0.22870506393376647,0.4299999999999997,1
5.73,1.81,41.52293410048631,39.32382261681606,5.296137017553621,0.9470386298244639,0.7699999999999996,0
6.09,2.88,56.72884208928245,19.897111425318467,64.9259341588473,0.3507406584115269,0.41000000000000014,1
6.33,0.56,57.49819570675317,19.320215811578418,66.39857029581668,0.33601429704183317,0.16999999999999993,1
6.25,2.11,55.456761832395394,47.79275018050011,13.819796538171309,0.8618020346182869,0.25,0
6.97,1.12,59.0010104007079,28.440168226149915,51.79715053522425,0.48202849464775754,0.46999999999999975,1
6.77,2.81,54.74812482299714,37.960017139531736,30.66426062580595,0.6933573937419405,0.2699999999999996,0
6.79,1.35,56.65661584742211,15.408757570460551,72.80325105905236,0.2719674894094765,0.29000000000000004,1
5.6,0.66,44.61014646006247,40.46866997671229,9.283709675909401,0.907162903240906,0.9000000000000004,0
6.39,1.89,48.78307436649255,13.700240931571622,71.91599523095688,0.28084004769043125,0.11000000000000032,1
6.1,1.52,48.02375139431503,42.482155194533824,11.539282207006444,0.8846071779299356,0.40000000000000036,0
6.38,1.79,44.429827910016925,20.599793624491248,53.63521626459659,0.46364783735403403,0.1200000000000001,1
7.31,2.88,58.13231118229526,49.60520630078824,14.668442915966553,0.8533155708403345,0.8099999999999996,0
6.91,3.44,45.46614008452819,39.53981083253397,13.034599464516466,0.8696540053548353,0.41000000000000014,0
6.92,2.67,50.632012440700635,37.028907908392284,26.866608449032274,0.7313339155096772,0.41999999999999993,0
6.3,3.0,44.30539031426265,32.70505129558673,26.18268101554582,0.7381731898445418,0.20000000000000018,0
5.69,2.06,59.0653837614377,52.00109545522872,11.960115817991307,0.8803988418200869,0.8099999999999996,0
5.92,2.21,50.673821734782344,46.63363063738928,7.9729354508501356,0.9202706454914986,0.5800000000000001,0
6.12,1.08,44.655123466300395,38.27257358520054,14.292984512553266,0.8570701548744674,0.3799999999999999,0
7.42,1.03,50.97611262059221,14.246372030112534,72.0528473088048,0.27947152691195204,0.9199999999999999,1
6.05,2.8,55.8810668323541,12.804285594540843,77.086540539832,0.22913459460168,0.4500000000000002,1
6.28,2.9,52.672139844968854,32.06380235540154,39.12568874214018,0.6087431125785981,0.21999999999999975,0
5.88,1.03,42.23719756572379,10.799859900386053,74.43045343247317,0.2556954656752683,0.6200000000000001,1
7.13,0.81,40.095653748868095,31.653235601736284,21.05569396625723,0.7894430603374277,0.6299999999999999,0
7.2,2.5,51.353645939970406,16.506382842116437,67.85742756919052,0.32142572430809474,0.7000000000000002,1
6.81,2.47,58.06510310483013,36.248968473424696,37.57185205030776,0.6242814794969224,0.3099999999999996,0
7.14,0.8,59.848240701412465,53.52407012054134,10.567011672778998,0.8943298832722101,0.6399999999999997,0
5.7,3.47,59.46263151447421,26.36002197700926,55.66960071285647,0.4433039928714353,0.7999999999999998,1
7.33,2.84,40.984022175644384,31.33614107625441,23.54059115535866,0.7645940884464134,0.8300000000000001,0
6.41,3.33,42.11438649642505,37.5481841349136,10.842381289109033,0.8915761871089096,0.08999999999999986,0
7.11,0.56,55.774478821027216,12.837891437719115,76.9824986103157,0.230175013896843,0.6100000000000003,1
6.57,2.36,41.8738547713253,26.058833454697616,37.76824799864763,0.6223175200135237,0.07000000000000028,0
6.98,2.63,54.329262985008384,34.98793849544636,35.60019670228008,0.6439980329771992,0.4800000000000004,0
6.86,0.7,42.29207623534751,17.28211602373824,59.13627903353221,0.40863720966467787,0.3600000000000003,1
6.51,0.53,56.61741812592787,48.16216421534097,14.934015344501953,0.8506598465549805,0.009999999999999787,0
7.14,2.43,53.457670257129536,46.122852129425645,13.72079645899956,0.8627920354100044,0.6399999999999997,0
5.7,1.24,44.01899194441857,38.344026264783,12.892084595669933,0.8710791540433006,0.7999999999999998,0
5.7,1.24,56.63335561048501,23.372043628155254,58.73095744334071,0.41269042556659297,0.7999999999999998,1
5.92,2.47,54.73805323853591,38.37935199616575,29.88542754906296,0.7011457245093704,0.5800000000000001,0
6.67,0.88,42.91038331305733,40.65182868701111,5.263422164208347,0.9473657783579166,0.16999999999999993,0
6.52,3.03,40.97433157786619,26.627194957342937,35.014937567092346,0.6498506243290765,0.019999999999999574,0
7.23,2.18,43.20711397542811,39.67095993094959,8.184194034550714,0.9181580596544928,0.7300000000000004,0
7.25,1.53,58.23745511931798,50.052759574567666,14.054006185506143,0.8594599381449386,0.75,0
5.69,2.16,56.59113063934005,34.18712073595265,39.589260101852375,0.6041073989814763,0.8099999999999996,0
6.55,3.06,58.298610627684596,42.88373213581327,26.441245041526212,0.7355875495847378,0.04999999999999982,0
5.65,1.15,42.30567139588287,28.606520728792106,32.38135742817675,0.6761864257182325,0.8499999999999996,0
6.55,2.38,52.326078269787104,23.13251454347541,55.791614223013454,0.4420838577698655,0.04999999999999982,1
5.66,3.24,50.84867471499655,15.074763384520727,70.35367496003823,0.29646325039961763,0.8399999999999999,1
6.72,1.04,50.3654905978526,15.539078977037612,69.1473689770826,0.3085263102291739,0.21999999999999975,1
6.06,1.74,58.7460517015377,46.050421201798336,21.61103620076488,0.7838896379923512,0.4400000000000004,0
7.11,1.14,46.520843815859095,28.75777681521864,38.1830283882017,0.618169716117983,0.6100000000000003,0
7.27,0.78,45.631330130139006,29.80363217500082,34.686032403609815,0.6531396759639019,0.7699999999999996,0
6.63,0.65,47.321584672150216,22.655586072466495,52.12420245554499,0.4787579754445502,0.1299999999999999,1
7.05,2.33,56.54461917522448,13.857125277390962,75.49346784978864,0.24506532150211352,0.5499999999999998,1
5.58,2.83,46.434241825678846,42.03255844714699,9.479391081815098,0.905206089181849,0.9199999999999999,0
7.47,2.61,50.057408101867665,31.2293768308873,37.61287686462912,0.6238712313537088,0.9699999999999998,0
5.63,0.68,48.869736016495196,46.27297332576656,5.313641739034856,0.9468635826096514,0.8700000000000001,0
7.05,3.34,52.86681522895698,34.37027990754211,34.98704289507433,0.6501295710492567,0.5499999999999998,0
6.12,0.52,48.57135568171222,33.16711173967762,31.71466747392951,0.682853325260705,0.3799999999999999,0
5.84,1.91,45.06548498147616,31.920978915229064,29.16756819914409,0.7083243180085591,0.6600000000000001,0
7.15,3.05,40.32431755738499,35.62376454670867,11.656869341897783,0.8834313065810222,0.6500000000000004,0
6.82,3.42,49.87712732318748,11.256047082723077,77.4324471219291,0.22567552878070887,0.3200000000000003,1
7.47,1.7,50.437776781403244,10.217518119333691,79.74233050830868,0.20257669491691316,0.9699999999999998,1
6.83,1.5,50.83032860375348,43.45869247862191,14.502436493371833,0.8549756350662817,0.33000000000000007,0
6.35,1.8,46.13750345800363,13.184885076342816,71.42262999049292,0.2857737000950707,0.15000000000000036,1
6.73,3.38,40.91926343218178,38.84395536799663,5.071714127075374,0.9492828587292462,0.23000000000000043,0
5.62,2.3,48.25624405147826,13.634979423838296,71.74463182569094,0.28255368174309053,0.8799999999999999,1
6.93,1.2,49.10918121927885,16.1126774513539,67.19009144255793,0.3280990855744206,0.4299999999999997,1
6.06,2.82,42.033930079819555,13.443921135919183,68.01650212009656,0.31983497879903444,0.4400000000000004,1
6.18,3.47,45.67173798184315,42.19429100913544,7.614001845277212,0.9238599815472279,0.3200000000000003,0
7.03,1.77,56.15856741763354,43.193863593827665,23.085887728209777,0.7691411227179022,0.5300000000000002,0
5.56,2.38,58.39967030915841,41.04782961856824,29.712223714161972,0.7028777628583803,0.9400000000000004,0
6.6,2.04,52.74099191642209,17.095398667873628,67.58612599671152,0.32413874003288495,0.09999999999999964,1
5.88,2.66,44.08633819523401,39.97642454542191,9.322420092164544,0.9067757990783546,0.6200000000000001,0
5.58,2.15,55.87113366042318,52.98747708980024,5.16126375410494,0.9483873624589506,0.9199999999999999,0
6.46,1.61,52.412304770028584,45.98751298317243,12.258174516549982,0.8774182548345002,0.040000000000000036,0
6.88,2.07,56.49250456479513,50.01757376838549,11.461575028919272,0.8853842497108073,0.3799999999999999,0
6.66,1.89,51.191061396504004,43.56479599857197,14.897650468432872,0.8510234953156712,0.16000000000000014,0
7.06,1.52,45.468829666418486,35.98199354671488,20.864482744120888,0.7913551725587912,0.5599999999999996,0
7.45,3.3,56.98860950030259,50.406327754255244,11.550170821438263,0.8844982917856173,0.9500000000000002,0
7.26,1.17,40.57027022080529,36.79180030427247,9.313395981757946,0.9068660401824206,0.7599999999999998,0
5.91,3.42,50.565459381349115,35.50077918510507,29.79243218702093,0.7020756781297907,0.5899999999999999,0
6.91,1.47,40.60702359464894,31.48791203261952,22.456980972205777,0.7754301902779422,0.41000000000000014,0
7.01,1.51,55.04554063022003,24.364329620486057,55.73786842396816,0.4426213157603184,0.5099999999999998,1
5.84,3.3,40.67043570223818,36.61090421782925,9.981529369712467,0.9001847063028753,0.6600000000000001,0
6.59,1.87,43.64701975197908,40.386638107384485,7.469883770121006,0.9253011622987899,0.08999999999999986,0
5.73,0.58,46.58558289449972,30.045430057576528,35.50487470422112,0.6449512529577888,0.7699999999999996,0
5.64,2.85,58.628312508452666,50.66232403425302,13.587272314977787,0.8641272768502222,0.8600000000000003,0
6.04,1.28,43.23404497038247,38.86201360238524,10.112473563351047,0.8988752643664896,0.45999999999999996,0
7.29,2.22,44.95476687682274,34.74196329623891,22.717954713383754,0.7728204528661624,0.79,0
7.14,2.3,55.111753712203246,48.73682941750871,11.567268078574962,0.8843273192142503,0.6399999999999997,0
6.74,2.15,41.59186788867799,37.29261826339521,10.33675534070713,0.8966324465929287,0.2400000000000002,0
6.13,2.54,53.869737237388,48.78805400899416,9.433280147627912,0.9056671985237209,0.3700000000000001,0
6.17,2.02,50.00934840553589,39.652475154883206,20.709874415212752,0.7929012558478725,0.33000000000000007,0
6.31,2.4,59.2267980849451,39.09229928327647,33.99558891026162,0.6600441108973839,0.1900000000000004,0
7.2,2.33,42.299675356807015,37.49849665214728,11.350391378091535,0.8864960862190846,0.7000000000000002,0
7.31,2.86,44.96766253572553,19.314370595971745,57.04831092648628,0.4295168907351372,0.8099999999999996,1
5.94,2.9,47.63466679505387,30.028529866335184,36.96076431996122,0.6303923568003879,0.5599999999999996,0
5.87,3.03,42.93301015492419,8.647626253633154,79.85786176550837,0.2014213823449162,0.6299999999999999,1
5.82,2.48,56.90921888259349,21.194715962817515,62.756972632952056,0.37243027367047954,0.6799999999999997,1
6.91,1.44,53.171661188348395,24.354563326395876,54.19634673416459,0.45803653265835403,0.41000000000000014,1
7.02,2.17,44.57944666743814,33.564342850030314,24.70892898151092,0.7529107101848908,0.5199999999999996,0
7.34,2.09,59.36592515704642,52.70137555115497,11.226220408864302,0.8877377959113569,0.8399999999999999,0
6.03,3.41,55.83062800916481,48.695847758690974,12.779330100500816,0.8722066989949918,0.46999999999999975,0
7.02,2.13,52.329412181903294,12.241202767044543,76.60741396350362,0.23392586036496374,0.5199999999999996,1
5.69,2.48,49.223043502435,10.211550460510365,79.25453256460013,0.20745467435399872,0.8099999999999996,1
6.46,1.04,57.87334122327137,51.023753547255644,11.835479913956384,0.8816452008604362,0.040000000000000036,0
7.08,2.72,41.75106178974171,39.57392089174596,5.21457612014714,0.9478542387985286,0.5800000000000001,0
6.89,2.48,51.69071228201729,34.0716698343376,34.08550911729105,0.6591449088270894,0.3899999999999997,0
6.81,1.13,45.13397754917998,29.37075031749936,34.925411159484696,0.6507458884051531,0.3099999999999996,0
5.99,1.83,53.06820624719538,36.80693056219078,30.642218448572482,0.6935778155142751,0.5099999999999998,0
6.49,1.14,40.1950702240367,35.90978607088324,10.661218227181626,0.8933878177281838,0.009999999999999787,0
6.93,2.78,55.58594020451288,42.62176872577711,23.322752895854126,0.7667724710414587,0.4299999999999997,0
6.87,3.22,45.71887676050596,18.836528050734223,58.79923264648953,0.4120076735351047,0.3700000000000001,1
6.46,2.79,49.585088455065254,24.685752497936402,50.21537065461323,0.49784629345386766,0.040000000000000036,1
7.33,1.5,45.480340105355246,38.98788128261029,14.2753084249264,0.857246915750736,0.8300000000000001,0
5.79,2.68,44.053612089035724,13.544420619675181,69.25468769212189,0.30745312307878114,0.71,1
5.79,1.86,53.810950150054154,15.991600860951753,70.28188348958999,0.29718116510410025,0.71,1
6.57,0.75,53.44961106932569,13.40780902178954,74.91504848482579,0.25084951515174214,0.07000000000000028,1
7.16,2.62,52.01413141976921,48.50007184664329,6.755970881771406,0.9324402911822859,0.6600000000000001,0
5.71,2.61,59.24602761341363,54.89070507502879,7.351248199801281,0.9264875180019871,0.79,0
6.15,1.68,57.60488600169535,23.67962696494144,58.8930234767854,0.411069765232146,0.34999999999999964,1
7.12,1.15,50.07284674999356,37.032484821127035,26.042781218282148,0.7395721878171786,0.6200000000000001,0
5.98,2.43,57.500041937968106,51.377043796847666,10.648684652658204,0.893513153473418,0.5199999999999996,0
6.37,2.97,57.049329716371865,14.666409013422193,74.29170669254461,0.257082933074554,0.1299999999999999,1
5.62,0.98,50.686524796292986,39.290867069537654,22.48261795921895,0.7751738204078106,0.8799999999999999,0
6.93,3.01,57.1421683005872,13.053355848958342,77.15635189009059,0.2284364810990941,0.4299999999999997,1
7.3,0.98,50.551965782062666,44.62344956899382,11.72756810017556,0.8827243189982444,0.7999999999999998,0
6.79,3.14,41.01862181920463,20.396589677628555,50.27480502019448,0.4972519497980552,0.29000000000000004,1
6.58,1.91,53.22379107765935,15.590863940960118,70.70696463878092,0.2929303536121908,0.08000000000000007,1
6.92,1.94,57.42865404221848,51.954705781142856,9.531736991522513,0.9046826300847749,0.41999999999999993,0
5.66,2.99,42.8699927222096,27.9676036131165,34.76181861204899,0.6523818138795101,0.8399999999999999,0
7.11,1.71,55.02698880587447,51.41254972402508,6.568484229803116,0.9343151577019688,0.6100000000000003,0
6.81,3.1,42.0040961407168,37.90214141318215,9.765606463219202,0.902343935367808,0.3099999999999996,0
5.67,2.3,40.02426024623246,37.46664446443373,6.390163780827112,0.9360983621917289,0.8300000000000001,0
7.17,2.5,54.28548591552754,20.14817007220951,62.88479373001904,0.37115206269980966,0.6699999999999999,1
7.02,1.42,44.34921060308532,35.34797892399125,20.296261323911512,0.7970373867608849,0.5199999999999996,0
7.22,0.51,51.51907260353578,34.38602710970869,33.255733513827344,0.6674426648617265,0.7199999999999998,0
5.77,2.68,57.0539400018894,50.618315968998935,11.279894136456385,0.8872010586354362,0.7300000000000004,0
6.89,1.36,51.20938354933325,46.37577717964187,9.438907549111308,0.9056109245088869,0.3899999999999997,0
6.88,0.79,56.61233484156455,52.26469904548749,7.679661699600208,0.923203383003998,0.3799999999999999,0
6.47,1.58,57.77853618535677,46.064810058342395,20.273490642677565,0.7972650935732244,0.03000000000000025,0
6.21,1.49,46.16386881729754,33.58734365053031,27.24322178572439,0.7275677821427561,0.29000000000000004,0
6.25,2.15,57.49477737939331,45.117236736964934,21.52811299842446,0.7847188700157554,0.25,0
6.55,1.65,50.025737538555134,21.05716258760111,57.9073420529338,0.42092657947066203,0.04999999999999982,1
6.54,3.25,59.751297426743314,26.474412437303798,55.69232204578965,0.4430767795421034,0.040000000000000036,1
5.59,1.8,51.39500897531569,47.92113851657569,6.759159163506428,0.9324084083649357,0.9100000000000001,0
6.15,3.13,45.29678539367301,11.093669853460995,75.50892462446012,0.24491075375539875,0.34999999999999964,1
6.91,1.44,46.31032500692862,12.200418580092336,73.65507890893231,0.26344921091067697,0.41000000000000014,1
6.91,2.92,47.06550156607459,33.78168811333234,28.224098353851147,0.7177590164614885,0.41000000000000014,0
6.93,1.56,47.236840134160225,43.398128648414534,8.126520476058797,0.918734795239412,0.4299999999999997,0
5.77,1.63,54.63504176603966,38.21938507096768,30.046022048208098,0.699539779517919,0.7300000000000004,0
5.79,1.79,56.98957145180505,43.11476674798754,24.34621694874677,0.7565378305125323,0.71,0
7.2,2.38,56.81701761119594,37.18249491309588,34.557468032660395,0.6544253196733961,0.7000000000000002,0
6.96,0.77,57.67842298645939,38.380786349459136,33.457288944135264,0.6654271105586473,0.45999999999999996,0
6.91,2.9,48.61507611990949,19.60942926435672,59.66389270688397,0.4033610729311603,0.41000000000000014,1
5.58,2.44,51.62157841549008,32.11142922866371,37.794561471549194,0.6220543852845081,0.9199999999999999,0
6.16,1.71,48.32519961866176,45.07739716671309,6.720722268252084,0.9327927773174791,0.33999999999999986,0
7.42,0.71,43.782621416473184,37.97720021625614,13.259647349559463,0.8674035265044053,0.9199999999999999,0
6.05,1.57,57.83503830906276,51.074649353229525,11.689088748773045,0.8831091125122695,0.4500000000000002,0
6.76,1.85,50.4889019191653,35.024257114513304,30.62979034365116,0.6937020965634885,0.2599999999999998,0
5.74,1.06,43.79642457168938,39.654410077393976,9.457426113666955,0.9054257388633304,0.7599999999999998,0
7.41,3.32,57.36033752450804,54.37457306872941,5.2052769991161885,0.9479472300088381,0.9100000000000001,0
6.96,1.82,42.083443806605615,37.22542490094223,11.54377699693115,0.8845622300306885,0.45999999999999996,0
6.09,1.66,53.453589636376265,35.68647162546284,33.23840013697141,0.667615998630286,0.41000000000000014,0
6.03,1.52,47.78246252871728,42.57795635080214,10.892084464644809,0.8910791553535519,0.46999999999999975,0
7.31,1.95,52.69363216035624,49.06252156624104,6.890985580696116,0.9310901441930388,0.8099999999999996,0
7.25,2.0,58.203789461949974,54.28464966661189,6.733478750383037,0.9326652124961696,0.75,0
6.06,0.92,51.98325391681169,13.720787399265841,73.6053702578467,0.26394629742153286,0.4400000000000004,1
6.77,0.71,57.29571314591891,52.462471554761834,8.435607702181713,0.9156439229781829,0.2699999999999996,0
5.94,3.17,57.05501233189118,24.308353612360534,57.394885008598514,0.4260511499140148,0.5599999999999996,1
6.91,1.06,43.40538270503904,40.74995272738559,6.117743496695796,0.9388225650330421,0.41000000000000014,0
6.11,3.0,49.487827399090946,43.48397403324602,12.131980087602738,0.8786801991239727,0.3899999999999997,0
5.67,1.27,40.82048130549314,38.355007344489216,6.039796401597422,0.9396020359840258,0.8300000000000001,0
7.35,1.6,48.25842917771136,43.57054606545315,9.714122884097849,0.9028587711590215,0.8499999999999996,0
6.67,1.72,47.61720357604881,44.42158875112818,6.711051017132812,0.9328894898286719,0.16999999999999993,0
5.7,3.08,42.71533305641124,17.42783516217269,59.200048518509895,0.4079995148149011,0.7999999999999998,1
6.68,3.07,54.457918373962855,11.577933404061831,78.73966954712427,0.21260330452875728,0.17999999999999972,1
5.9,1.21,57.128046525774344,12.84309285557152,77.51876068477657,0.2248123931522344,0.5999999999999996,1
7.36,0.86,55.10538004967234,48.42747454786734,12.118427448981377,0.8788157255101863,0.8600000000000003,0
5.99,1.14,58.8666323602291,54.52163867380487,7.381080779065845,0.9261891922093416,0.5099999999999998,0
6.13,3.06,51.1645131443515,37.64587870186162,26.421895981594663,0.7357810401840533,0.3700000000000001,0
7.38,0.63,51.676559041217956,45.98602656530456,11.011825441733734,0.8898817455826626,0.8799999999999999,0
7.03,1.3,44.893285890639916,30.78395904266491,31.428590195748505,0.6857140980425149,0.5300000000000002,0
7.32,0.59,56.81866910184903,39.74605619838411,30.04754101660106,0.6995245898339894,0.8200000000000003,0
7.12,2.44,40.728486120770114,30.842473493588724,24.272968550480613,0.7572703144951939,0.6200000000000001,0
5.91,1.85,57.604750221534644,41.660370017631266,27.678932974424768,0.7232106702557523,0.5899999999999999,0
6.13,3.05,47.10740016762245,15.814404498935415,66.42904417848797,0.3357095582151203,0.3700000000000001,1
6.2,3.23,50.90616460503156,11.285432657672397,77.83091155023503,0.22169088449764973,0.2999999999999998,1
6.21,3.13,45.38197401915626,14.748272611116862,67.50191473625311,0.3249808526374689,0.29000000000000004,1
6.0,2.5,52.60624674881237,15.857877946476574,69.85552301004142,0.30144476989958574,0.5,1
6.57,2.25,56.59049791849674,51.77499498510618,8.509384279187612,0.9149061572081238,0.07000000000000028,0
6.11,0.57,59.73223198999077,51.63084055528002,13.562847335201356,0.8643715266479864,0.3899999999999997,0
6.1,1.14,51.526139383279755,24.760012992651344,51.94669484458606,0.4805330515541394,0.40000000000000036,1
6.63,0.72,58.78443665954679,38.64978675407707,34.25166770259384,0.6574833229740616,0.1299999999999999,0
6.07,1.58,46.56989496051371,40.85075800382102,12.28075983753432,0.8771924016246568,0.4299999999999997,0
6.43,0.98,41.5445351395491,38.774927920209024,6.666598169980471,0.9333340183001952,0.07000000000000028,0
6.75,1.39,43.699124730596694,32.23023258072212,26.24513012693006,0.7375486987306994,0.25,0
6.35,2.69,58.2473376535125,35.94746874446389,38.284786579775734,0.6171521342022427,0.15000000000000036,0
6.24,1.15,49.47623766076296,42.16771965239521,14.771773994779224,0.8522822600522078,0.2599999999999998,0
5.89,2.84,51.826431130679346,17.31986199549581,66.58102513016165,0.33418974869838347,0.6100000000000003,1
6.02,0.73,44.558003181629424,38.54929392953798,13.485140318336214,0.8651485968166378,0.4800000000000004,0
5.96,2.67,52.2215349773816,35.05391407002688,32.87460032492425,0.6712539967507575,0.54,0
7.47,0.64,55.74694841738521,21.38600156562628,61.637359222775224,0.3836264077722477,0.9699999999999998,1
6.94,0.71,52.43447766299812,34.82748425337371,33.57903843876618,0.6642096156123382,0.4400000000000004,0
6.49,1.47,52.95676106169703,13.89401358828866,73.76347550390874,0.2623652449609126,0.009999999999999787,1
6.82,0.97,58.09686136937571,36.89276411509758,36.49783612141108,0.6350216387858891,0.3200000000000003,0
5.91,2.21,56.463226318248886,49.19769801577797,12.86771723160052,0.8713228276839948,0.5899999999999999,0
5.96,1.32,44.64356614439504,40.32734674713196,9.668177903402043,0.9033182209659796,0.54,0
7.15,2.93,53.689177311060305,48.36114014234024,9.923856977451686,0.9007614302254832,0.6500000000000004,0
6.49,2.04,40.84395868663297,32.54357743382258,20.322176203568795,0.796778237964312,0.009999999999999787,0
6.99,1.15,55.776667327257236,50.99666865679409,8.56988934533783,0.9143011065466217,0.4900000000000002,0
5.57,3.17,54.92244523813346,47.039129938739414,14.353540278866802,0.856464597211332,0.9299999999999997,0
5.5,3.37,59.00897394171274,52.95488963229258,10.259599354159592,0.8974040064584041,1.0,0
6.09,2.03,52.212790998399015,48.57684572543598,6.963706025740938,0.9303629397425907,0.41000000000000014,0
6.06,2.39,51.00037010943207,32.94482232655394,35.402777948740635,0.6459722205125936,0.4400000000000004,0
5.9,1.03,50.046262191857096,31.07945677079353,37.898545446516096,0.621014545534839,0.5999999999999996,0
6.68,1.58,50.972992665168846,17.99499077786189,64.69700946132926,0.3530299053867074,0.17999999999999972,1
6.22,2.33,40.911968709592415,30.08622602486933,26.46106512636443,0.7353893487363558,0.28000000000000025,0
5.53,1.59,54.785612175143655,42.33838823680688,22.719877435236743,0.7728012256476325,0.9699999999999998,0
6.65,0.63,43.01870862379379,40.517369807200225,5.814537201635262,0.9418546279836474,0.15000000000000036,0
6.77,1.48,50.572607435200766,10.590211549335772,79.05939185970364,0.20940608140296355,0.2699999999999996,1
6.75,3.39,53.230839590206045,48.57049034434471,8.754979785663181,0.9124502021433681,0.25,0
6.14,1.78,59.50722395750472,23.191469791072105,61.027471542558274,0.38972528457441724,0.3600000000000003,1
7.31,2.46,50.96582791072229,34.72129392059305,31.873383904574393,0.6812661609542561,0.8099999999999996,0
6.94,2.08,45.81903597950323,36.00713592897089,21.41446200422377,0.7858553799577623,0.4400000000000004,0
6.76,1.82,40.47572243993891,28.88469110009915,28.63699679984577,0.7136300320015423,0.2599999999999998,0
6.62,1.73,59.199653181712286,37.182668423330526,37.19107051320219,0.6280892948679782,0.1200000000000001,0
6.69,1.09,52.22973425928789,44.83442420577892,14.159195252259732,0.8584080474774027,0.1900000000000004,0
7.5,1.23,45.0503075035816,40.7957447284953,9.444026047431645,0.9055597395256836,1.0,0
5.95,1.33,56.806234877074495,21.52051011652208,62.11593645822283,0.3788406354177716,0.5499999999999998,1
7.27,0.82,53.77617057218395,11.620856388683874,78.3903236972124,0.216096763027876,0.7699999999999996,1
5.74,2.19,45.64208732117158,31.14670017470951,31.75881734869349,0.6824118265130651,0.7599999999999998,0
5.95,0.63,59.741387288002045,38.06698453370165,36.28038071799732,0.6371961928200268,0.5499999999999998,0
6.91,3.06,46.54433180174087,29.021917815057144,37.64671939286138,0.6235328060713863,0.41000000000000014,0
7.41,3.23,53.10202046158346,17.50312288577859,67.03868754214129,0.32961312457858716,0.9100000000000001,1
5.79,0.64,47.730244465913245,14.53727037713281,69.54285371927088,0.30457146280729114,0.71,1
7.49,1.37,49.404718305952414,19.63114721782675,60.2646308066055,0.39735369193394504,0.9900000000000002,1
6.29,2.93,58.790624022532114,18.60952129171815,68.34610688162476,0.3165389311837523,0.20999999999999996,1
5.77,2.12,56.31660027783049,24.98842499676348,55.628669213897155,0.44371330786102847,0.7300000000000004,1
5.83,3.24,52.86429141935879,21.471469286859666,59.38379440947759,0.40616205590522414,0.6699999999999999,1
7.4,1.18,54.549548255663,41.69850074541711,23.55848567254042,0.7644151432745958,0.9000000000000004,0
5.64,1.33,43.586644534809814,32.67277100602439,25.039490066892444,0.7496050993310756,0.8600000000000003,0
6.83,2.01,54.302540071913654,51.5339427984372,5.098467345744707,0.9490153265425529,0.33000000000000007,0
5.65,2.47,56.573161295202354,43.84066892418668,22.50624161619097,0.7749375838380903,0.8499999999999996,0
7.4,2.02,53.21409272142911,12.226904819865293,77.02318278003531,0.22976817219964676,0.9000000000000004,1
6.5,0.78,46.553596128284724,31.444839910734714,32.454541590977826,0.6754545840902217,0.0,0
6.3,2.01,47.03803013402546,32.95458717177964,29.94054581392517,0.7005945418607483,0.20000000000000018,0
6.79,2.07,55.52599397903024,18.48269361528384,66.71343943475563,0.3328656056524436,0.29000000000000004,1
7.26,0.71,45.09208517278145,13.579609048332975,69.88471702672575,0.3011528297327425,0.7599999999999998,1
6.08,3.26,52.228095920089075,48.963644824393796,6.2503735550497765,0.9374962644495023,0.41999999999999993,0
6.08,3.33,47.89918442444407,43.77433734141274,8.611518405992582,0.9138848159400742,0.41999999999999993,0
6.45,2.15,53.53344203914606,20.738589099200976,61.26049753341849,0.3873950246658152,0.04999999999999982,1
6.3,2.23,44.785891918002775,40.254945951941586,10.116904614419136,0.8988309538558087,0.20000000000000018,0
6.72,2.84,45.00713383029352,21.932140403163366,51.269635418549534,0.48730364581450475,0.21999999999999975,1
6.11,2.59,42.81757478319386,16.333705536552593,61.85280082008834,0.38147199179911667,0.3899999999999997,1
5.88,2.52,56.739138858158114,13.99849593882263,75.32832499658234,0.2467167500341766,0.6200000000000001,1
5.59,2.05,49.14185066959297,37.12146190224791,24.46059438860898,0.7553940561139102,0.9100000000000001,0
5.76,1.05,47.41114477097215,42.12497846565229,11.149628069213712,0.8885037193078629,0.7400000000000002,0
6.76,2.73,55.10500690796995,47.14721646272414,14.44113864015297,0.8555886135984703,0.2599999999999998,0
6.48,0.76,42.98500033697292,21.028574588351784,51.079273180174056,0.4892072681982595,0.019999999999999574,1
5.81,2.75,50.2427191820014,47.53238170409773,5.394488041313265,0.9460551195868674,0.6900000000000004,0
6.52,3.01,55.916404315788895,13.258780856140996,76.28820912506858,0.23711790874931432,0.019999999999999574,1
5.81,2.52,53.90228308385151,36.878447156864915,31.582773405912995,0.6841722659408701,0.6900000000000004,0
6.4,2.03,45.47743322147157,29.392763229129397,35.36846486918265,0.6463153513081734,0.09999999999999964,0
7.01,1.79,42.405830602392584,14.399587699615845,66.04337777361351,0.3395662222638649,0.5099999999999998,1
6.0,3.48,54.7534994446595,23.02498286165895,57.94792461634205,0.4205207538365795,0.5,1
6.51,1.35,41.14622787509128,16.33245477454135,60.30631331717156,0.39693686682828444,0.009999999999999787,1
6.88,2.65,42.23875607332596,14.426671988454894,65.84494116396239,0.34155058836037616,0.3799999999999999,1
6.81,1.82,58.37486492869059,22.47686086639503,61.49565246300398,0.3850434753699602,0.3099999999999996,1
7.36,3.33,49.3194172886389,35.502230757538065,28.01571326408134,0.7198428673591866,0.8600000000000003,0
7.19,1.99,56.73733448141398,50.63371934690904,10.757669866398754,0.8924233013360124,0.6900000000000004,0
7.17,1.31,59.191843875232045,53.42940827481051,9.735185159239041,0.9026481484076097,0.6699999999999999,0
6.67,2.3,57.099081498516476,50.649134405068416,11.29606102966059,0.8870393897033941,0.16999999999999993,0
6.76,2.25,58.52128430088101,28.08011412716851,52.01726267182113,0.4798273732817887,0.2599999999999998,1
6.6,2.36,55.106756063000816,40.79384483953164,25.973060738879166,0.7402693926112084,0.09999999999999964,0
5.79,1.96,52.6853946429165,44.84389861149337,14.883623980744742,0.8511637601925526,0.71,0
7.35,2.98,44.28998652597885,38.26981783214543,13.592618029590534,0.8640738197040947,0.8499999999999996,0
7.44,0.65,48.444141677036995,20.980191414852694,56.69199476229442,0.4330800523770558,0.9400000000000004,1
7.09,2.23,46.133710380755765,42.55672737444628,7.7535125113231445,0.9224648748867685,0.5899999999999999,0
6.49,2.72,57.79917135225665,23.41158597541545,59.494945294745314,0.40505054705254684,0.009999999999999787,1
5.55,2.5,44.171359783693674,35.31438820463322,20.051389910640925,0.7994861008935907,0.9500000000000002,0
6.57,2.17,50.43980079150114,19.12771250230511,62.07813630872223,0.3792186369127777,0.07000000000000028,1
5.59,2.57,55.83365665514551,51.39480265810857,7.950140225372232,0.9204985977462776,0.9100000000000001,0
5.98,2.64,40.316163286892994,38.13014276581366,5.422193837055975,0.9457780616294402,0.5199999999999996,0
5.65,2.18,42.12638251394518,37.15698523928257,11.796401632676583,0.8820359836732342,0.8499999999999996,0
6.95,1.84,51.52927679111756,36.13660921205069,29.871693409289612,0.7012830659071039,0.4500000000000002,0
7.47,1.28,52.52327393267282,31.705001935746417,39.63628014432686,0.6036371985567314,0.9699999999999998,0
7.11,2.5,45.397373228439605,39.157051419479316,13.745997543864458,0.8625400245613555,0.6100000000000003,0
7.4,2.61,43.26422931449968,13.901981395164363,67.86726213448296,0.3213273786551704,0.9000000000000004,1
6.45,1.55,41.35704619611662,19.35804259073389,53.19287915549542,0.4680712084450458,0.04999999999999982,1
7.12,3.2,44.599895381878966,40.744059942988535,8.645391218691211,0.9135460878130879,0.6200000000000001,0
6.54,1.95,48.84272052170115,35.04563298143451,28.24799149780468,0.7175200850219532,0.040000000000000036,0
6.67,2.15,47.0061992195911,28.290940695592365,39.814447529717846,0.6018555247028216,0.16999999999999993,0
6.35,0.79,56.850508206030014,36.07128971369972,36.55062926970684,0.6344937073029316,0.15000000000000036,0
5.79,1.26,54.26077708344949,50.52949045812145,6.876581622835159,0.9312341837716485,0.71,0
6.05,2.74,45.50983328296852,21.948954655993354,51.77096228957738,0.48229037710422623,0.4500000000000002,1
6.07,1.39,49.35465153115984,18.351586377621185,62.8169061916383,0.37183093808361695,0.4299999999999997,1
5.62,2.28,42.09561142285766,36.95352260390465,12.215261033507364,0.8778473896649264,0.8799999999999999,0
7.11,3.44,55.10665829567315,20.217016789694696,63.312932747217424,0.36687067252782574,0.6100000000000003,1
7.2,2.52,58.027642355970684,35.83212776927259,38.249898988726216,0.6175010101127378,0.7000000000000002,0
6.41,0.53,43.01562016525258,17.754927794744923,58.72446398183722,0.41275536018162784,0.08999999999999986,1
7.33,3.37,54.718698149688755,38.60774661778393,29.443228871841253,0.7055677112815875,0.8300000000000001,0
7.21,0.73,47.582681330119804,20.57953620546963,56.749944244014685,0.4325005575598531,0.71,1
5.68,1.21,41.64961767658256,20.708378961006805,50.27954608896671,0.4972045391103329,0.8200000000000003,1
6.11,2.64,56.33793372096698,33.986144250366095,39.67449282273258,0.6032550717726741,0.3899999999999997,0
5.57,0.68,57.98947265912325,51.30120944606982,11.533581711233571,0.8846641828876642,0.9299999999999997,0
6.49,3.37,42.72080063099614,28.858727990326823,32.44806379076067,0.6755193620923933,0.009999999999999787,0
6.63,3.34,41.54326130406743,38.04984595282651,8.409102322688579,0.9159089767731142,0.1299999999999999,0
6.1,2.83,47.918502615642424,29.92437753548003,37.55151788547004,0.6244848211452996,0.40000000000000036,0
6.22,1.37,51.5200001719185,30.956259594235892,39.91409260299476,0.6008590739700524,0.28000000000000025,0
5.8,1.52,44.30221895261452,27.659470416278825,37.5663994486071,0.624336005513929,0.7000000000000002,0
6.21,2.7,47.65319947146574,44.23778091691159,7.16723870051846,0.9283276129948154,0.29000000000000004,0
5.66,1.68,45.835191461127664,10.192320336697058,77.76311167950273,0.22236888320497267,0.8399999999999999,1
5.51,1.43,55.33025354010138,22.403778460911806,59.50899005970693,0.40491009940293066,0.9900000000000002,1
6.73,3.48,41.365092664296576,9.828055744328186,76.2407017334907,0.2375929826650931,0.23000000000000043,1
7.37,0.95,48.04331719423636,35.36353603923851,26.392393147488598,0.736076068525114,0.8700000000000001,0
7.25,0.94,52.209444636309755,47.41865460403795,9.17609843514786,0.9082390156485214,0.75,0
7.03,0.55,58.27903455195603,51.43832758788935,11.737852242504397,0.882621477574956,0.5300000000000002,0
7.38,1.15,59.01898799044719,52.824055617398535,10.496507283471827,0.8950349271652818,0.8799999999999999,0
6.09,2.86,43.20281731533156,29.380546160039806,31.993911541473906,0.6800608845852609,0.41000000000000014,0
6.91,1.45,51.91004040006969,47.675201491438784,8.158034314735806,0.9184196568526419,0.41000000000000014,0
7.19,1.82,44.20981066045306,34.41737316297147,22.149919556749428,0.7785008044325057,0.6900000000000004,0
6.58,1.65,52.78262869540665,31.956351804856236,39.45668756047157,0.6054331243952843,0.08000000000000007,0
6.9,3.2,52.06120399095984,14.449554915792316,72.2450619499668,0.277549380500332,0.40000000000000036,1
7.17,0.77,57.545302125763584,50.07972916488359,12.973383899460991,0.8702661610053901,0.6699999999999999,0
6.93,3.1,44.05040032903942,32.80439597769561,25.5298573164841,0.7447014268351589,0.4299999999999997,0
6.61,3.13,48.92798607518439,42.58818351670441,12.957415718558346,0.8704258428144166,0.11000000000000032,0
7.31,0.69,50.946245107373414,33.92151370495106,33.417048433189386,0.6658295156681061,0.8099999999999996,0
6.01,3.29,55.94702310348449,51.99995706560589,7.055006359458593,0.9294499364054141,0.4900000000000002,0
6.27,0.51,44.420618538280095,20.872754610956804,53.01111218663151,0.46988887813368496,0.23000000000000043,1
7.45,1.86,59.36468259653396,50.4791328561297,14.967737300633772,0.8503226269936623,0.9500000000000002,0
7.47,2.0,42.1308761496338,28.956070099408656,31.271141866200324,0.6872885813379968,0.9699999999999998,0
6.12,2.01,56.38506282896187,34.966908259942144,37.98551157775497,0.6201448842224503,0.3799999999999999,0
6.18,3.2,53.918107021365785,13.284769444162771,75.36120947477161,0.2463879052522838,0.3200000000000003,1
6.13,2.66,46.55011622574459,36.39470070006215,21.816090590265752,0.7818390940973425,0.3700000000000001,0
6.21,2.41,51.96868883118231,44.7409906227067,13.907794041051202,0.860922059589488,0.29000000000000004,0
6.06,1.37,50.32119152770855,46.01151302495084,8.564341129292732,0.9143565887070727,0.4400000000000004,0
5.54,1.79,46.20012723934985,40.51359930657035,12.308468120269882,0.8769153187973012,0.96,0
5.64,1.57,41.5623006163973,31.414522292220767,24.415824373718618,0.7558417562628138,0.8600000000000003,0
7.28,0.69,53.10417426292954,34.553450745805975,34.93270307768118,0.6506729692231882,0.7800000000000002,0
7.01,3.49,53.527887295687655,18.88052340941201,64.72768800846531,0.3527231199153469,0.5099999999999998,1
6.99,2.77,45.83135581102204,42.98947145159519,6.200742502894494,0.937992574971055,0.4900000000000002,0
6.18,1.23,46.46234284833484,34.697364197582765,25.321535526428413,0.7467846447357159,0.3200000000000003,0
5.65,2.76,49.16641925122463,45.87810252338099,6.688135475234426,0.9331186452476558,0.8499999999999996,0
6.49,1.68,57.090761994574635,26.607372900253736,53.394608916268716,0.46605391083731285,0.009999999999999787,1
5.53,2.11,54.261873573358784,40.14562712770586,26.01503692379625,0.7398496307620375,0.9699999999999998,0
5.81,3.23,48.8613715284083,44.61882264020999,8.682828081753014,0.9131717191824699,0.6900000000000004,0
6.42,2.0,53.34043953077481,37.47146544839055,29.750362430419493,0.7024963756958051,0.08000000000000007,0
6.66,2.08,40.93169569259221,35.31427996841791,13.723877374547511,0.8627612262545249,0.16000000000000014,0
6.7,0.81,41.78503996961475,15.6486976918298,62.54952082561312,0.3745047917438687,0.20000000000000018,1
7.42,3.15,42.360922590798815,25.450493309119913,39.9198795669101,0.600801204330899,0.9199999999999999,0
7.13,2.59,59.02973923540205,40.20360389992986,31.892628324845358,0.6810737167515464,0.6299999999999999,0
6.42,1.4,50.53012836186567,38.4080676656295,23.98976826147251,0.7601023173852749,0.08000000000000007,0
5.71,2.41,50.88007846096464,47.71612155527321,6.2184591718325,0.937815408281675,0.79,0
5.73,1.44,44.566896053383786,19.65573124043833,55.89611801348246,0.44103881986517546,0.7699999999999996,1
7.09,2.29,50.140093061209996,31.10816543039139,37.95750360412139,0.6204249639587861,0.5899999999999999,0
7.07,3.43,41.55384781442008,12.68845348235683,69.46503356554706,0.3053496643445294,0.5700000000000003,1
6.64,3.33,41.81474687325407,39.19088153199637,6.274976025111384,0.9372502397488862,0.13999999999999968,0
7.0,3.31,43.902619617366,41.56230050128851,5.330704947619476,0.9466929505238052,0.5,0
6.08,1.72,47.61337337093157,32.8306091897995,31.04750437648488,0.6895249562351512,0.41999999999999993,0
7.13,1.73,55.79309467092081,49.846221476335664,10.658797884686324,0.8934120211531368,0.6299999999999999,0
5.53,2.19,44.81860111808827,18.983921605610714,57.64276186221925,0.4235723813778075,0.9699999999999998,1
5.99,1.2,49.390294122827115,45.40388811175653,8.071233593298558,0.9192876640670145,0.5099999999999998,0
7.11,3.2,42.130147263639074,14.531495246460784,65.50808342651496,0.3449191657348505,0.6100000000000003,1
5.54,1.44,47.417988370266926,37.276740382395786,21.386921580650874,0.7861307841934912,0.96,0
7.18,1.58,53.92509593407709,37.33682671323401,30.76168699101079,0.692383130089892,0.6799999999999997,0
6.23,2.31,56.49082821189482,18.564516747876755,67.1371135182476,0.328628864817524,0.2699999999999996,1
5.76,1.07,54.09079227731141,21.966738910782865,59.38913447936886,0.40610865520631134,0.7400000000000002,1
6.22,1.76,47.61194777899457,41.39876047982623,13.049638985594017,0.8695036101440599,0.28000000000000025,0
6.5,1.63,53.71732615387536,35.23647717154493,34.40388847611538,0.6559611152388463,0.0,0
6.35,2.59,50.446596123394,16.91481662871499,66.46985539452295,0.3353014460547705,0.15000000000000036,1
6.55,2.64,44.37057362839329,40.71762936459061,8.232808289557735,0.9176719171044226,0.04999999999999982,0
6.89,1.89,52.14755811650327,49.35422023690842,5.35660341631766,0.9464339658368234,0.3899999999999997,0
7.45,1.34,48.81314236194493,46.3540722079883,5.0377214720635,0.949622785279365,0.9500000000000002,0
6.13,1.9,59.472025079207896,16.26406620018017,72.65257710912174,0.2734742289087828,0.3700000000000001,1
6.06,0.57,51.42075657337821,22.994294178630422,55.28207729534821,0.44717922704651786,0.4400000000000004,1
6.94,0.53,43.607730660851836,28.858171030291217,33.82326804683236,0.6617673195316763,0.4400000000000004,0
7.19,2.14,56.70514888855456,50.768626852546944,10.469105808495376,0.8953089419150463,0.6900000000000004,0
5.54,2.8,41.73619466893458,8.378584919846514,79.9248949591398,0.20075105040860206,0.96,1
7.18,3.07,40.226957415069286,29.2474730062226,27.29384749524631,0.727061525047537,0.6799999999999997,0
6.67,2.08,56.98056044886477,36.137781586677725,36.57875369774868,0.6342124630225132,0.16999999999999993,0
5.7,3.25,57.791142038477716,50.15881282896713,13.206745775034056,0.8679325422496594,0.7999999999999998,0
6.49,3.37,46.31743483452156,10.76186594903316,76.76497848492234,0.23235021515077658,0.009999999999999787,1
7.31,3.06,48.70763114935368,45.99000468316726,5.579467533235775,0.9442053246676423,0.8099999999999996,0
7.48,0.63,49.48559899740403,33.43460951918542,32.43567786066534,0.6756432213933465,0.9800000000000004,0
7.03,2.05,48.089778205590875,29.75972659561375,38.11631555382405,0.6188368444617595,0.5300000000000002,0
5.59,2.04,47.85801627020916,44.21305324102902,7.616201659091897,0.9238379834090811,0.9100000000000001,0
7.45,3.36,59.985981605788425,45.78720754190708,23.67015373223669,0.763298462677633,0.9500000000000002,0
6.97,1.82,42.275265443484265,39.887907025085994,5.647175466206863,0.9435282453379313,0.46999999999999975,0
7.08,1.59,41.89754697048339,38.530511877863155,8.036353763126739,0.9196364623687326,0.5800000000000001,0
6.86,2.86,56.78175410250732,50.020104993533856,11.908137069465576,0.8809186293053443,0.3600000000000003,0
6.36,1.47,56.42984346393336,34.04968495812551,39.66014635520286,0.6033985364479714,0.13999999999999968,0
5.79,3.14,49.20760603533841,46.031491004775674,6.4545205232740015,0.93545479476726,0.71,0
5.59,1.21,48.680192717522985,12.203439079852114,74.93140762472916,0.2506859237527083,0.9100000000000001,1
5.87,2.83,54.4502442002411,47.917400270160186,11.997823014450297,0.8800217698554971,0.6299999999999999,0
6.13,0.67,49.68811442303213,44.42097374654084,10.60040361292075,0.8939959638707925,0.3700000000000001,0
7.47,2.1,56.88640401413872,53.0360865930892,6.768431732989394,0.9323156826701061,0.9699999999999998,0
5.54,0.84,40.02032390013299,38.00562769734139,5.034182651342584,0.9496581734865742,0.96,0
5.79,2.58,52.34967731675151,37.06146443507327,29.204025058595967,0.7079597494140403,0.71,0
7.47,2.01,48.79306588400032,44.458009415378726,8.884574867518417,0.9111542513248159,0.9699999999999998,0
6.66,1.82,58.91500381414285,53.21477306702885,9.675346478965395,0.903246535210346,0.16000000000000014,0
6.29,1.54,59.38808150970685,43.99182582462412,25.924824129175217,0.7407517587082478,0.20999999999999996,0
5.67,1.38,48.45535945666356,36.05758903171913,25.585963170972803,0.744140368290272,0.8300000000000001,0
5.98,1.23,55.1245085044102,40.731070741172736,26.110777499423737,0.7388922250057626,0.5199999999999996,0
5.68,0.8,41.42051313639287,38.71929430944887,6.52145186625092,0.9347854813374908,0.8200000000000003,0
6.38,2.15,58.660318346592796,19.2887598165946,67.11787395590403,0.3288212604409598,0.1200000000000001,1
7.21,2.49,44.8291018482352,13.135067898612544,70.6996853448456,0.29300314655154386,0.71,1
7.3,3.25,48.23891853050824,35.34648409295422,26.726209521882886,0.7327379047811711,0.7999999999999998,0
6.17,0.61,48.11597931160641,35.194383828253905,26.85510233444545,0.7314489766555454,0.33000000000000007,0
6.64,2.65,52.51461021533873,37.99015714857485,27.657927969389178,0.7234207203061083,0.13999999999999968,0
6.74,1.15,53.16074332132563,35.95224527222893,32.37068741699375,0.6762931258300625,0.2400000000000002,0
6.81,3.01,56.77235930841597,18.1339948090474,68.05840900404644,0.3194159099595356,0.3099999999999996,1
7.02,3.43,45.46344635682712,41.96844153530316,7.687505241227996,0.92312494758772,0.5199999999999996,0
5.98,2.86,46.06971956759374,17.162045021013316,62.747667704308306,0.3725233229569169,0.5199999999999996,1
6.7,1.13,51.26163399843443,44.91005076340146,12.39052043332632,0.8760947956667368,0.20000000000000018,0
6.89,2.74,46.179963778768084,31.005999928891203,32.85832774267643,0.6714167225732357,0.3899999999999997,0
6.36,2.38,48.40747978559035,33.89428319137598,29.98131003410462,0.7001868996589539,0.13999999999999968,0
5.83,1.6,52.74680491298665,50.07204268149694,5.07094645050465,0.9492905354949535,0.6699999999999999,0
5.95,1.68,46.2094402638355,20.88983343107253,54.793147651646926,0.45206852348353077,0.5499999999999998,1
6.14,0.77,43.190403700464316,12.822125721823829,70.31255875553211,0.2968744124446789,0.3600000000000003,1
6.42,3.18,56.25898950959914,37.50352742028877,33.33771589713718,0.6666228410286282,0.08000000000000007,0
5.56,2.76,42.502731375190876,11.53184946416294,72.86798026610084,0.27132019733899165,0.9400000000000004,1
5.73,2.49,57.05595829507888,49.12589141627992,13.898753286706139,0.8610124671329386,0.7699999999999996,0
6.83,2.5,42.45272094694852,25.837307808581812,39.138629439395245,0.6086137056060476,0.33000000000000007,0
6.7,1.88,48.91209452597328,36.19966612010682,25.990357863566675,0.7400964213643333,0.20000000000000018,0
6.23,2.24,53.608830359015116,15.570685635647367,70.95499839975724,0.2904500160024276,0.2699999999999996,1
7.16,1.91,54.64384210184625,48.918776560738635,10.47705527447563,0.8952294472552437,0.6600000000000001,0
6.71,2.55,56.36039569747535,25.27706763156766,55.151011062365654,0.44848988937634343,0.20999999999999996,1
5.85,1.44,42.41926633480159,39.47782251952487,6.9342166176587146,0.9306578338234128,0.6500000000000004,0
6.22,3.11,58.63923357239941,38.022333676110264,35.15888363519336,0.6484111636480664,0.28000000000000025,0
6.84,2.3,48.124812768937986,42.13961474284319,12.436823504813551,0.8756317649518645,0.33999999999999986,0
6.16,1.02,50.572824653014095,23.835760735308597,52.86844090902878,0.47131559090971215,0.33999999999999986,1
6.96,2.11,40.50044800281038,9.908973070814325,75.5336704667397,0.24466329533260295,0.45999999999999996,1
5.78,1.33,49.59064262280859,44.84377142779467,9.572110672408696,0.904278893275913,0.7199999999999998,0
6.92,2.4,57.3370603476296,50.47364055933667,11.97030288382525,0.8802969711617475,0.41999999999999993,0
7.13,3.43,51.104611465792566,38.49707677846418,24.670052908566543,0.7532994709143346,0.6299999999999999,0
6.97,1.98,50.61583881773129,33.361386293217265,34.08903799193702,0.6591096200806298,0.46999999999999975,0
6.88,2.75,54.44637118060318,48.770606679481254,10.424504660365589,0.8957549533963441,0.3799999999999999,0
5.7,2.62,40.39090163669532,19.51919104043659,51.67428740262804,0.48325712597371967,0.7999999999999998,1
6.57,1.95,50.3394932085534,45.76641478910315,9.084474491040796,0.909155255089592,0.07000000000000028,0
6.24,1.15,44.01948355351678,29.630829082439437,32.68701336212703,0.6731298663787296,0.2599999999999998,0
7.42,2.69,45.100117562492365,16.822524075240704,62.6996003903298,0.37300399609670204,0.9199999999999999,1
6.89,1.37,44.330377135691045,22.003209667461782,50.365390305360904,0.496346096946391,0.3899999999999997,1
7.47,1.81,45.95932143666835,28.410122416554227,38.18419957374002,0.6181580042625998,0.9699999999999998,0
7.0,2.64,53.17311901713141,11.654374307445856,78.08220671860339,0.2191779328139662,0.5,1
6.65,0.69,44.40272229260241,40.2783628854118,9.288528257371592,0.9071147174262841,0.15000000000000036,0
5.78,3.05,57.566318445197204,40.64996072613681,29.38585995414083,0.7061414004585916,0.7199999999999998,0
7.2,1.45,52.413840909314516,39.51997108159439,24.600123944415493,0.753998760555845,0.7000000000000002,0
6.83,1.88,50.07108447636936,44.17322194414318,11.778979013345769,0.8822102098665423,0.33000000000000007,0
5.86,3.02,58.111465043525634,42.205541893358145,27.371402765794862,0.7262859723420514,0.6399999999999997,0
6.35,2.72,48.06565328091513,20.283767643126456,57.7998710959364,0.42200128904063594,0.15000000000000036,1
6.48,1.29,50.16557843061216,31.93323860361394,36.34432293493188,0.6365567706506812,0.019999999999999574,0
7.4,0.75,50.47900882178409,36.2076551459936,28.27185796412018,0.7172814203587982,0.9000000000000004,0
5.76,2.28,47.69794914684174,40.69833412412197,14.674876274388494,0.8532512372561151,0.7400000000000002,0
7.33,2.92,48.22407385243698,31.756538279706334,34.1479561082301,0.6585204389176991,0.8300000000000001,0
6.0,1.02,45.0382087331282,40.16281615207578,10.825014400420173,0.8917498559957983,0.5,0
6.06,3.04,59.65662945199874,23.546938620198414,60.52921722782732,0.39470782772172686,0.4400000000000004,1
7.04,3.13,43.01774765891968,39.11540462642612,9.071472229170546,0.9092852777082945,0.54,0
6.75,2.85,40.11086487423617,24.950044959602412,37.79728999154987,0.6220271000845013,0.25,0
7.22,1.2,40.39123235368824,18.110908460209867,55.16128772298746,0.4483871227701253,0.7199999999999998,1
6.82,1.71,59.31024719949039,50.933598458006855,14.123442637675451,0.8587655736232455,0.3200000000000003,0
7.2,2.78,52.225459113241925,47.641317922177976,8.77759864422451,0.9122240135577548,0.7000000000000002,0
7.38,1.84,57.81479348548524,15.482604847578216,73.22034048004475,0.2677965951995525,0.8799999999999999,1
6.59,1.05,53.99363491393166,47.33243497425675,12.337009631400383,0.8766299036859961,0.08999999999999986,0
6.32,3.32,52.12546117866483,47.53958624548387,8.797763759753513,0.9120223624024649,0.17999999999999972,0
5.61,1.07,50.674337663634404,31.695165072781847,37.45322280644754,0.6254677719355246,0.8899999999999997,0
6.54,3.06,58.22388838922518,52.87110298126101,9.19345230291206,0.9080654769708794,0.040000000000000036,0
5.53,2.75,58.08847252901387,54.638950666037296,5.938393131707185,0.9406160686829281,0.9699999999999998,0
5.56,1.92,59.30683018511456,42.126186896273055,28.969080349119185,0.7103091965088082,0.9400000000000004,0
5.82,1.66,44.12147224456891,18.22407120770997,58.695686520403356,0.41304313479596644,0.6799999999999997,1
6.89,2.69,43.14755357653197,38.41563784520334,10.96682277231663,0.8903317722768337,0.3899999999999997,0
7.4,0.81,41.04538166684705,19.753248349051045,51.87461403238448,0.48125385967615525,0.9000000000000004,1
5.67,0.58,43.42298735247521,39.60855628179311,8.784358938088275,0.9121564106191172,0.8300000000000001,0
5.54,2.52,54.405483775109175,40.86709120914788,24.884242592021927,0.7511575740797808,0.96,0
6.38,2.47,46.05216438464218,34.18956852313496,25.759040905063845,0.7424095909493615,0.1200000000000001,0
7.21,1.49,50.6414477899758,44.151579100510524,12.815330075831502,0.871846699241685,0.71,0
5.61,2.93,53.58072320930282,33.871362374234764,36.78442479784608,0.6321557520215392,0.8899999999999997,0
6.28,0.75,50.178502978276356,31.197901016530157,37.826162271049455,0.6217383772895054,0.21999999999999975,0
7.33,1.76,46.686279701003116,29.000868747013,37.881388423438935,0.6211861157656107,0.8300000000000001,0
5.57,1.7,45.33209544205895,11.188005216579084,75.31990280290707,0.24680097197092932,0.9299999999999997,1
6.93,2.18,53.67318509629351,34.130599230913184,36.41033381998764,0.6358966618001235,0.4299999999999997,0
6.39,0.68,53.936166828342394,25.767909243741524,52.225175130167024,0.4777482486983297,0.11000000000000032,1
6.37,1.81,58.31233512150508,16.235466562822403,72.15774924980684,0.2784225075019317,0.1299999999999999,1
5.66,1.81,44.44886899071205,42.065560994345375,5.361909201479763,0.9463809079852024,0.8399999999999999,0
5.64,0.56,59.846246534499414,54.805208629575176,8.423315072931507,0.915766849270685,0.8600000000000003,0
6.31,2.02,57.18234593013678,52.68441716689725,7.865939548431493,0.9213406045156851,0.1900000000000004,0
5.53,3.25,45.156564284101385,28.994634566231568,35.79087553292904,0.6420912446707095,0.9699999999999998,0
6.99,1.28,47.446622083767416,33.124021216474134,30.18676617696115,0.6981323382303884,0.4900000000000002,0
6.22,1.48,46.88405098598652,9.709664440559973,79.29004803048662,0.2070995196951338,0.28000000000000025,1
7.14,3.37,44.61076013150373,27.411721171382563,38.55356624595005,0.6144643375404995,0.6399999999999997,0
7.33,3.15,54.710579229795776,39.58408019792866,27.648215838353103,0.7235178416164689,0.8300000000000001,0
5.6,0.99,43.78500625922976,38.65668364108442,11.712508587490046,0.8828749141250996,0.9000000000000004,0
5.77,3.43,49.12231339856274,33.93875949406291,30.909688192625072,0.6909031180737493,0.7300000000000004,0
6.21,1.41,54.660707100996454,16.53987735383619,69.74082804440216,0.3025917195559783,0.29000000000000004,1
6.65,1.59,49.01938408012384,34.14033204802841,30.35340470164847,0.6964659529835153,0.15000000000000036,0
5.61,1.2,45.24845617751937,31.02239159024633,31.4398894217764,0.685601105782236,0.8899999999999997,0
7.3,2.92,46.588304434199024,35.49712303155834,23.806793437408285,0.7619320656259172,0.7999999999999998,0
6.73,3.48,44.39946426842414,14.204339659931346,68.00785799113089,0.319921420088691,0.23000000000000043,1
6.9,3.33,58.09726572613652,39.75533554548624,31.571073012475182,0.6842892698752482,0.40000000000000036,0
6.43,2.41,51.222313752421634,19.763121755374744,61.41696790407012,0.3858303209592988,0.07000000000000028,1
6.3,1.88,41.49927508387442,37.82077849785218,8.864002030367063,0.9113599796963294,0.20000000000000018,0
6.45,2.85,45.266689441248474,41.75164680618457,7.76518600863461,0.9223481399136539,0.04999999999999982,0
5.59,3.05,49.11491395411989,37.02752004519955,24.61043486752646,0.7538956513247355,0.9100000000000001,0
5.59,3.08,50.07729196629565,45.18774415293352,9.764002048379576,0.9023599795162043,0.9100000000000001,0
6.63,0.85,48.641291596293286,13.891552670923163,71.44082277621557,0.2855917722378443,0.1299999999999999,1
6.28,2.48,54.69167807189091,34.82442286666038,36.325919967413505,0.6367408003258649,0.21999999999999975,0
6.51,2.86,46.450858713852156,33.497802719350595,27.88550384890692,0.7211449615109308,0.009999999999999787,0
6.25,2.74,50.62317296367942,47.4079329905378,6.35132052162842,0.9364867947837158,0.25,0
5.56,3.0,59.227130983925925,37.609647854778196,36.49929140585022,0.6350070859414978,0.9400000000000004,0
6.35,2.82,57.05748364546845,50.121966875015076,12.155314828722208,0.8784468517127779,0.15000000000000036,0
6.43,0.71,55.105411266122246,23.572960457412893,57.22205874923739,0.4277794125076261,0.07000000000000028,1
7.46,1.48,59.355381240527194,18.42172355472618,68.96368421916893,0.31036315780831064,0.96,1
6.79,0.63,48.803508959170955,21.97812695190778,54.966092765389696,0.4503390723461031,0.29000000000000004,1
6.03,3.08,41.31235796699656,26.905469052384074,34.87307339397523,0.6512692660602477,0.46999999999999975,0
7.13,3.01,55.97390904624356,48.1582980954275,13.962953604614425,0.8603704639538557,0.6299999999999999,0
6.23,0.92,51.520348787767965,31.15624857821756,39.526324430445776,0.6047367556955422,0.2699999999999996,0
6.56,3.25,41.068846353275426,27.030228403070463,34.18313197659452,0.6581686802340548,0.05999999999999961,0
6.0,3.11,57.31495265418221,41.68399653330979,27.272038790966086,0.7272796120903391,0.5,0
6.38,1.07,56.765239398371435,43.306476061492106,23.709515681643463,0.7629048431835653,0.1200000000000001,0
6.85,2.7,41.07468574520553,28.85646796592794,29.74634512134708,0.7025365487865293,0.34999999999999964,0
5.8,2.27,40.46467110841833,27.78424448449823,31.337031233850915,0.6866296876614909,0.7000000000000002,0
6.16,2.27,55.6840905851004,39.64996821497603,28.794799738391852,0.7120520026160815,0.33999999999999986,0
6.46,2.01,48.8419206189769,10.502136509737223,78.49769956495783,0.21502300435042174,0.040000000000000036,1
6.29,1.16,56.594539031389125,50.75564239893007,10.317067216009335,0.8968293278399067,0.20999999999999996,0
5.74,3.44,45.20408800084102,30.08408089240847,33.44831801086495,0.6655168198913505,0.7599999999999998,0
7.3,1.67,59.528467523573866,20.93528715819833,64.8314696663277,0.3516853033367229,0.7999999999999998,1
7.37,1.36,57.76901845566796,20.775351520087444,64.03720874013035,0.35962791259869653,0.8700000000000001,1
6.99,1.24,46.84752832276676,28.73332427731744,38.66629616112801,0.6133370383887199,0.4900000000000002,0
6.45,2.76,54.90549142186123,49.89307968859154,9.129162864161051,0.9087083713583894,0.04999999999999982,0
5.81,2.71,59.79643252092932,17.308207367461705,71.05478263874076,0.28945217361259246,0.6900000000000004,1
6.57,1.92,54.90862177282538,40.23085212596717,26.73126582485509,0.7326873417514491,0.07000000000000028,0
6.98,1.96,51.53425871073857,35.69545858346971,30.734506566150365,0.6926549343384963,0.4800000000000004,0
6.86,3.3,45.42112975467142,31.68150793662496,30.249405711079614,0.6975059428892039,0.3600000000000003,0
5.79,1.36,51.11090701090543,17.549569637582245,65.66374837793873,0.34336251622061276,0.71,1
6.22,2.65,47.5340115124196,10.764499824028057,77.35411028539949,0.22645889714600517,0.28000000000000025,1
6.58,3.38,53.52933110361894,47.14843377421119,11.920375610627337,0.8807962438937267,0.08000000000000007,0
6.61,2.14,42.88981718974843,18.41094316749317,57.07385954563179,0.42926140454368206,0.11000000000000032,1
6.23,3.48,44.84936382031299,33.8806524516229,24.45678251454301,0.7554321748545698,0.2699999999999996,0
6.3,1.43,42.57034328476842,39.975946991801436,6.094374845915921,0.9390562515408408,0.20000000000000018,0
7.07,2.28,44.79868015614439,9.313579287950821,79.21014803228881,0.20789851967711176,0.5700000000000003,1
6.03,2.43,54.31666957820231,22.02857222968561,59.444177265010666,0.40555822734989344,0.46999999999999975,1
6.35,0.82,48.18542707548226,22.636697870881342,53.02169297903896,0.46978307020961035,0.15000000000000036,1
7.07,2.43,43.30104370452414,29.123571230490374,32.74164145044035,0.6725835854955965,0.5700000000000003,0
7.22,2.02,52.956997389837596,48.83021367131061,7.792707143398038,0.9220729285660196,0.7199999999999998,0
7.05,2.4,56.45699207946881,39.94650418837993,29.24436333386081,0.7075563666613919,0.5499999999999998,0
6.29,2.32,45.13729549907976,42.167752689701494,6.578911688315064,0.9342108831168493,0.20999999999999996,0
5.89,1.23,56.93903705323701,15.037777508994408,73.58968769539544,0.26410312304604566,0.6100000000000003,1
7.27,2.06,56.688678159680165,38.720294071881575,31.696600928293662,0.6830339907170634,0.7699999999999996,0
6.22,2.76,51.928125982388835,32.124955132265896,38.13573179367013,0.6186426820632986,0.28000000000000025,0
5.68,2.28,48.662733567694985,44.72030326472135,8.101538927091505,0.918984610729085,0.8200000000000003,0
5.95,0.64,58.74213383920382,21.086027899730105,64.10408250158332,0.35895917498416674,0.5499999999999998,1
6.49,2.82,53.01679799249972,49.05966105718868,7.463930461946905,0.925360695380531,0.009999999999999787,0
6.37,3.48,46.3806211509177,13.54505179509842,70.79588099731515,0.2920411900268484,0.1299999999999999,1
6.4,3.04,43.72295502549435,16.88081232589279,61.39141941332697,0.3860858058667303,0.09999999999999964,1
7.49,1.2,55.00245430091877,48.012161527805105,12.709056099332821,0.8729094390066717,0.9900000000000002,0
6.81,2.98,43.24773609632926,30.384918485534993,29.742175595374178,0.7025782440462582,0.3099999999999996,0
7.29,3.44,54.145515647371376,49.89019525736446,7.859044907283101,0.921409550927169,0.79,0
6.23,0.65,41.798284087466996,25.64909346144684,38.636013364152454,0.6136398663584754,0.2699999999999996,0
7.13,1.73,48.452903572798675,44.12695061958233,8.928160407800457,0.9107183959219954,0.6299999999999999,0
6.4,3.4,47.11354175307046,40.129568422875224,14.823706879859182,0.8517629312014082,0.09999999999999964,0
5.63,3.14,47.15069322857799,30.871636682444255,34.525593223446,0.65474406776554,0.8700000000000001,0
5.64,2.28,56.68361721176471,49.358091537726345,12.92353246736334,0.8707646753263666,0.8600000000000003,0
6.21,3.01,46.873855490509015,40.74562955997985,13.0738678660005,0.869261321339995,0.29000000000000004,0
7.12,0.85,48.12012053148763,29.501147511633366,38.692698218972346,0.6130730178102765,0.6200000000000001,0
6.08,3.14,49.91912169474851,11.922576322324426,76.11621375225702,0.23883786247742977,0.41999999999999993,1
6.28,1.13,53.210837917970615,20.33857885758578,61.77737533669444,0.38222624663305554,0.21999999999999975,1
6.43,1.45,49.19581297138292,21.86794663903637,55.54917112202842,0.4445082887797158,0.07000000000000028,1
7.44,1.41,59.40751296782131,55.66792295579019,6.294809907387824,0.9370519009261218,0.9400000000000004,0
6.55,2.65,45.98591522278609,27.75742388933966,39.63929225967473,0.6036070774032527,0.04999999999999982,0
6.3,3.49,42.91363855304206,33.843176695290545,21.136548108220317,0.7886345189177968,0.20000000000000018,0
7.39,3.38,46.303079438198196,41.98241522145772,9.33126752942505,0.9066873247057495,0.8899999999999997,0
6.75,1.77,50.45523278940874,17.722015044893585,64.87576398891636,0.35124236011083637,0.25,1
6.34,2.03,49.59796652120279,11.477729487415603,76.85846760973769,0.23141532390262315,0.16000000000000014,1
5.68,1.33,56.25201570996643,13.211279691799755,76.51412216067655,0.23485877839323457,0.8200000000000003,1
6.27,2.14,47.03452723007323,44.06302077215156,6.317713035333179,0.9368228696466682,0.23000000000000043,0
6.62,2.65,56.0856110780289,36.07777410451093,35.67374338791128,0.6432625661208873,0.1200000000000001,0
6.89,3.36,48.6019127888651,35.33367670426843,27.299822832562427,0.7270017716743757,0.3899999999999997,0
6.56,1.72,50.43109331004895,10.835820999762417,78.51361077352796,0.21486389226472036,0.05999999999999961,1
6.77,0.87,46.028524817703236,39.534274366560034,14.109186589976092,0.8589081341002391,0.2699999999999996,0
7.07,2.91,42.251383635484764,30.96099030838199,26.72194933190437,0.7327805066809563,0.5700000000000003,0
7.39,2.77,56.507851682878425,50.59009745040068,10.472445963240883,0.8952755403675912,0.8899999999999997,0
6.27,0.79,51.434997376713966,36.220120941328716,29.58078586832677,0.7041921413167322,0.23000000000000043,0
6.19,1.3,49.595087500647494,24.356117939836544,50.89005954567867,0.49109940454321327,0.3099999999999996,1
5.83,1.4,45.975246164108924,40.84154332754842,11.166232407404015,0.8883376759259598,0.6699999999999999,0
7.27,2.15,57.53050815294754,54.08344375420792,5.991715542604696,0.9400828445739531,0.7699999999999996,0
5.71,1.23,52.73940743117781,36.535065977818164,30.725300572452337,0.6927469942754766,0.79,0
6.97,1.65,58.18758492370383,55.114072273899794,5.282076329227376,0.9471792367077262,0.46999999999999975,0
5.7,3.08,40.95427271573634,11.289070555261107,72.434938269766,0.27565061730234014,0.7999999999999998,1
7.02,1.86,51.74090511037664,47.54766000492524,8.104313398666157,0.9189568660133385,0.5199999999999996,0
5.8,1.92,42.09222124590801,11.126169936125205,73.56715895052264,0.2643284104947737,0.7000000000000002,1
5.91,2.71,55.75471092651895,20.318435990283486,63.557454334106666,0.3644254566589333,0.5899999999999999,1
5.76,2.01,52.53647541131342,48.00913922900495,8.617510304723512,0.9138248969527649,0.7400000000000002,0
5.91,2.65,46.29018163344768,31.104470346393587,32.80546921872829,0.6719453078127171,0.5899999999999999,0
6.31,1.09,50.84568453234185,19.723295317987308,61.20949988303974,0.3879050011696026,0.1900000000000004,1
6.18,2.73,52.8498813100048,16.418860715063804,68.93302253839572,0.31066977461604284,0.3200000000000003,1
5.55,2.55,59.78722199336118,45.995408909645676,23.068161764142438,0.7693183823585756,0.9500000000000002,0
7.4,0.62,55.91401156325435,36.58926836313579,34.56153951368144,0.6543846048631856,0.9000000000000004,0
6.08,1.09,58.975835756880784,25.60694572592519,56.58061408152645,0.4341938591847356,0.41999999999999993,1
6.56,2.4,41.04220434413572,38.2473055154085,6.809816561732915,0.9319018343826708,0.05999999999999961,0
6.8,3.24,49.769070869752476,19.27579068959482,61.26953878636736,0.38730461213632633,0.2999999999999998,1
5.66,3.46,54.649830580617355,36.03876823758763,34.055114435488306,0.6594488556451169,0.8399999999999999,0
7.5,2.28,50.08042476491682,43.11813372124694,13.902220431139833,0.8609777956886017,1.0,0
6.84,0.82,44.562548612125795,19.531057799761054,56.1715871106023,0.43828412889397694,0.33999999999999986,1
6.84,1.89,45.33275259578082,41.6872550858408,8.041641641410731,0.9195835835858926,0.33999999999999986,0
6.5,1.82,45.23211515316674,10.577798471071523,76.61440674341101,0.2338559325658898,0.0,1
6.02,1.65,40.7710850220988,32.37691784418631,20.58853026198021,0.7941146973801979,0.4800000000000004,0
6.25,2.93,53.53376138168564,50.00770172002173,6.586609217543622,0.9341339078245637,0.25,0
5.86,3.33,50.965977607422026,23.090094037191477,54.69508263915076,0.4530491736084924,0.6399999999999997,1
6.98,0.66,51.16643123949801,36.1286774676419,29.38988201359584,0.7061011798640415,0.4800000000000004,0
6.17,2.84,53.83891740770662,35.07462184448902,34.852661358550336,0.6514733864144967,0.33000000000000007,0
6.71,2.83,53.97545310745346,41.999574162204084,22.187639483837202,0.778123605161628,0.20999999999999996,0
6.14,2.48,57.1001654090954,18.027932372374956,68.42753038767326,0.3157246961232675,0.3600000000000003,1
6.19,2.01,41.3806148002544,12.331951780813622,70.19872266195087,0.29801277338049137,0.3099999999999996,1
5.91,2.98,53.70275063331426,41.995668171842496,21.799781805234623,0.7820021819476538,0.5899999999999999,0
7.36,3.13,55.48906731044846,13.060072421229714,76.46370167268873,0.23536298327311284,0.8600000000000003,1
5.56,1.62,46.498283826343105,39.937773580826736,14.109144909558108,0.858908550904419,0.9400000000000004,0
6.6,1.43,57.973709582409235,38.72935709190684,33.19496480235869,0.668050351976413,0.09999999999999964,0
6.89,1.49,48.779682020775596,17.626243757257015,63.86560340891546,0.3613439659108454,0.3899999999999997,1
7.35,1.8,59.20031814462707,23.94788584085508,59.547707526925585,0.4045229247307441,0.8499999999999996,1
6.86,1.98,50.76669614143488,38.682691820316606,23.803015046424346,0.7619698495357565,0.3600000000000003,0
5.65,2.53,52.874636003531535,19.65147695099772,62.83383028928051,0.3716616971071949,0.8499999999999996,1
7.14,0.83,57.57212595144054,12.08955702802674,79.00102379713452,0.20998976202865477,0.6399999999999997,1
6.82,0.59,44.30342767734387,29.99260821871386,32.301833534989335,0.6769816646501066,0.3200000000000003,0
7.08,0.82,48.93833177895685,36.37035997563375,25.681242793664754,0.7431875720633525,0.5800000000000001,0
6.18,2.31,51.66773612689551,24.53932629832988,52.50551284449254,0.47494487155507464,0.3200000000000003,1
6.45,1.58,47.43213748668288,16.281294655751577,65.67454996030332,0.34325450039696687,0.04999999999999982,1
6.56,1.72,54.661496587752396,36.11021979878585,33.93847213675302,0.6606152786324698,0.05999999999999961,0
5.86,0.88,50.497847442732265,46.24465565575979,8.422520963484354,0.9157747903651565,0.6399999999999997,0
5.67,2.55,59.88350200307167,25.043685319787134,58.17932405071677,0.41820675949283226,0.8300000000000001,1
7.27,3.01,52.371230344303434,39.22563460098225,25.100796099114504,0.7489920390088549,0.7699999999999996,0
6.98,3.03,41.712330514473734,31.90956715949234,23.500876681009082,0.7649912331899091,0.4800000000000004,0
6.8,3.43,50.44846743173282,44.698728764753284,11.39725141256297,0.8860274858743703,0.2999999999999998,0
5.59,2.8,43.11920793762974,40.80014291210029,5.378264435849296,0.946217355641507,0.9100000000000001,0
6.89,0.63,41.57668812139349,37.93061308377196,8.769517733052487,0.9123048226694751,0.3899999999999997,0
5.68,2.71,59.38906594230764,13.215742088743857,77.74717975598061,0.22252820244019386,0.8200000000000003,1
6.35,2.8,47.564505571922865,22.54462321323073,52.60200239201323,0.4739799760798676,0.15000000000000036,1
7.11,3.23,50.003798948520014,44.06218119450142,11.88233270063264,0.8811766729936736,0.6100000000000003,0
6.56,2.04,53.94992172967124,26.53079655354536,50.82329000126422,0.49176709998735774,0.05999999999999961,1
7.08,2.97,57.47909912508598,12.363990735540847,78.48958852219597,0.21510411477804023,0.5800000000000001,1
6.39,2.98,43.42720628862716,39.89509846831784,8.133398673711874,0.9186660132628812,0.11000000000000032,0
6.43,2.66,49.61857513098481,36.93511688328887,25.56191550082547,0.7443808449917453,0.07000000000000028,0
6.24,3.07,49.15286831267224,39.04844290304454,20.55714296335917,0.7944285703664082,0.2599999999999998,0
6.67,0.76,43.56513464753846,18.73518675900495,56.99499861395806,0.43005001386041936,0.16999999999999993,1
6.55,1.83,43.55456266837093,39.193557972143545,10.012739031344514,0.8998726096865548,0.04999999999999982,0
7.0,0.78,55.33667120247246,48.81509923203552,11.785262518909073,0.8821473748109092,0.5,0
5.53,1.25,58.61945831723514,38.217840648309824,34.803490606338286,0.6519650939366172,0.9699999999999998,0
6.7,0.74,47.129401996390676,40.20139907925889,14.699959311307097,0.853000406886929,0.20000000000000018,0
6.39,3.05,59.22481523515589,16.786659195659563,71.65603788039343,0.2834396211960657,0.11000000000000032,1
5.81,2.67,49.62293442328065,34.14441694500095,31.192265548524144,0.6880773445147585,0.6900000000000004,0
6.08,0.88,50.55590840175256,21.614698393639152,57.245949925627556,0.42754050074372435,0.41999999999999993,1
6.94,0.99,54.248520509738995,19.329631668050308,64.36837081191892,0.35631629188081076,0.4400000000000004,1
6.55,3.19,47.898860534905346,12.055064590298391,74.83225184132824,0.25167748158671754,0.04999999999999982,1
7.03,2.1,50.41180616478016,14.071612521644951,72.08667256307119,0.27913327436928814,0.5300000000000002,1
5.5,2.02,52.13726925526004,45.53982387817203,12.653991034297224,0.8734600896570278,1.0,0
5.94,1.09,53.173911618597515,45.4805584786249,14.468285115368253,0.8553171488463175,0.5599999999999996,0
5.71,1.84,42.00490660730941,36.436645077878985,13.256216902197496,0.8674378309780251,0.79,0
6.14,1.15,56.05967638551815,43.411743994746125,22.56155084412752,0.7743844915587248,0.3600000000000003,0
5.89,2.72,44.3488923491199,29.216691886577937,34.1208081216988,0.6587919187830119,0.6100000000000003,0
6.42,2.35,42.86742879140054,14.942919602734047,65.14155379962587,0.34858446200374127,0.08000000000000007,1
7.0,2.52,57.323189512880596,40.56898676208395,29.227617816053225,0.7077238218394677,0.5,0
7.13,1.66,53.448807980647466,32.787471201649,38.65630976556005,0.6134369023443994,0.6299999999999999,0
6.1,1.5,43.21342115179572,37.81022163115031,12.50352176853945,0.8749647823146055,0.40000000000000036,0
6.63,3.14,44.16652762433417,33.40573488384096,24.364135736503776,0.7563586426349622,0.1299999999999999,0
5.95,2.09,50.90510992595999,23.437619108896325,53.9582192377432,0.460417807622568,0.5499999999999998,1
5.93,1.55,42.36088513892193,29.011105823030682,31.514401250377166,0.6848559874962283,0.5700000000000003,0
7.17,3.49,41.617230374616234,19.411204409642817,53.357769762875975,0.46642230237124027,0.6699999999999999,1
7.06,3.46,50.909848736807376,24.97017143377107,50.952179090412706,0.4904782090958729,0.5599999999999996,1
7.47,3.17,48.872719265838015,38.591492630105876,21.03673949429433,0.7896326050570567,0.9699999999999998,0
6.12,1.81,55.210417003364626,22.92248374735306,58.4815964241746,0.41518403575825413,0.3799999999999999,1
5.84,2.25,45.7912161753712,15.244559028880417,66.70855176569933,0.3329144823430067,0.6600000000000001,1
6.84,2.96,50.19006011415755,37.29007946882105,25.70226179445777,0.7429773820554223,0.33999999999999986,0
6.3,2.16,52.883279066476234,49.94039088760035,5.564874627340267,0.9443512537265973,0.20000000000000018,0
6.07,0.53,53.040904165570524,24.242817045920216,54.29411050338672,0.45705889496613283,0.4299999999999997,1
7.27,1.4,54.875955267172955,41.45419844652716,24.458356588600022,0.7554164341139998,0.7699999999999996,0
6.07,1.0,55.83570370182501,44.00986142973391,21.179713853422015,0.7882028614657799,0.4299999999999997,0
6.51,2.79,49.00682672259833,45.027154844292994,8.120647967745702,0.918793520322543,0.009999999999999787,0
5.89,1.03,53.79478882493733,16.356806001605793,69.59406968798554,0.30405930312014473,0.6100000000000003,1
7.24,0.59,53.166674655625066,21.559420463979304,59.44937199171191,0.4055062800828809,0.7400000000000002,1
7.21,2.04,59.911209592039484,44.96898167422239,24.940621328737944,0.7505937867126206,0.71,0
6.19,3.45,54.078870730451,35.16959222721789,34.96611199128753,0.6503388800871247,0.3099999999999996,0
7.38,2.49,45.281201693143416,34.48400013264011,23.8447769864249,0.761552230135751,0.8799999999999999,0
5.81,3.1,44.647176839073076,19.215167569577567,56.96218903417568,0.43037810965824314,0.6900000000000004,1
7.33,2.58,47.24807101010197,20.527687636158962,56.55338472597114,0.4344661527402886,0.8300000000000001,1
6.72,2.16,56.08079753827974,42.62791813075137,23.988388179297342,0.7601161182070266,0.21999999999999975,0
7.23,0.84,49.53983593641598,38.31389182986621,22.660438603305412,0.7733956139669459,0.7300000000000004,0
5.79,1.5,41.583464820692676,16.630111136364302,60.007875226191196,0.399921247738088,0.71,1
5.96,2.23,56.115317509322,36.80064018048337,34.419616935482956,0.6558038306451704,0.54,0
5.99,0.56,41.42790616851592,8.573572967898354,79.30483637521117,0.2069516362478883,0.5099999999999998,1
5.91,2.49,51.26451367464507,44.31800413163584,13.550327595217022,0.8644967240478297,0.5899999999999999,0
5.87,1.25,49.18788737383412,33.79889849489928,31.286135064058758,0.6871386493594125,0.6299999999999999,0
6.55,2.93,56.07736178506419,38.55326624483706,31.24985730854148,0.6875014269145852,0.04999999999999982,0
5.67,3.21,57.9421356860972,50.127407406513406,13.487125020589955,0.8651287497941005,0.8300000000000001,0
6.06,1.37,50.452214695373456,34.93781494074592,30.7506813096358,0.692493186903642,0.4400000000000004,0
7.08,0.79,54.88504902723663,51.441124015544816,6.2747962746335055,0.9372520372536649,0.5800000000000001,0
6.84,1.88,58.968788542906594,55.3891523541963,6.0703912648734475,0.9392960873512656,0.33999999999999986,0
5.7,1.94,56.9038348158387,38.47888914934808,32.3790931246029,0.6762090687539709,0.7999999999999998,0
5.94,2.47,55.66845088812068,26.601506886010206,52.214393500059096,0.477856064999409,0.5599999999999996,1
6.16,3.39,50.99385872641528,36.460048144819496,28.501099827668348,0.7149890017233165,0.33999999999999986,0
6.19,2.21,40.13843680987043,13.752061893620986,65.73842185543404,0.34261578144565963,0.3099999999999996,1
6.03,2.82,45.471271261493285,22.280195762460906,51.001599154038644,0.4899840084596135,0.46999999999999975,1
6.37,1.63,41.28585816331165,9.141619962862958,77.85774507410729,0.22142254925892724,0.1299999999999999,1
7.1,3.21,47.59806365730435,43.89445783402698,7.781001029669028,0.9221899897033097,0.5999999999999996,0
5.94,2.46,54.51308007288053,27.25312163969708,50.00627078260595,0.4999372921739404,0.5599999999999996,1
5.7,3.4,57.34732682745651,35.081087012540664,38.82698819059045,0.6117301180940955,0.7999999999999998,0
6.53,2.68,50.357245272544425,19.84588536881309,60.58981133419269,0.39410188665807305,0.03000000000000025,1
7.33,1.85,54.43641817724986,40.16840773961297,26.210413754958996,0.7378958624504101,0.8300000000000001,0
7.09,0.83,49.192328548469895,20.328487886927565,58.675491714327734,0.4132450828567227,0.5899999999999999,1
7.21,2.01,52.46291002356314,12.799729428347685,75.6023266292342,0.243976733707658,0.71,1
5.87,1.39,52.88538478009163,34.72212556751029,34.34457230122827,0.6565542769877174,0.6299999999999999,0
5.53,1.31,56.01108035535636,43.81304902202985,21.77788976027135,0.7822211023972865,0.9699999999999998,0
5.67,1.72,45.40567260423438,42.556155766132974,6.275684676975078,0.9372431532302492,0.8300000000000001,0
7.19,2.33,43.74434076722537,16.277310535172717,62.78990550620392,0.3721009449379607,0.6900000000000004,1
5.58,3.02,49.355910335538034,44.53442936464547,9.768801625001993,0.9023119837499801,0.9199999999999999,0
6.99,2.99,59.50661888663649,39.513629068475495,33.59792606642428,0.6640207393357572,0.4900000000000002,0
6.02,1.96,52.96989966928476,21.086788661927688,60.19099754090129,0.3980900245909871,0.4800000000000004,1
5.79,1.14,45.23950305607843,31.493202514687393,30.385613485522295,0.696143865144777,0.71,0
6.6,0.59,46.92845985116715,30.592708546389048,34.80990289599674,0.6519009710400326,0.09999999999999964,0
7.15,2.34,52.41638000304462,25.250907688322304,51.82630374921809,0.48173696250781906,0.6500000000000004,1
6.9,2.37,49.57614728029061,38.12694422888819,23.094176694835948,0.7690582330516406,0.40000000000000036,0
6.16,2.83,45.798698374082726,42.08576920198487,8.107062654424668,0.9189293734557533,0.33999999999999986,0
5.5,2.94,52.87668370477324,19.936479261819617,62.29627528622805,0.3770372471377195,1.0,1
7.27,1.72,47.72695281222466,21.990784652459173,53.92376140379424,0.46076238596205765,0.7699999999999996,1
7.38,2.27,46.43902531411199,35.29185215784162,24.003891298043552,0.7599610870195644,0.8799999999999999,0
7.09,2.25,51.0838237906439,46.60329258427396,8.770939357892306,0.912290606421077,0.5899999999999999,0
6.41,1.67,41.74321926628588,37.7954709740165,9.457220505888948,0.9054277949411105,0.08999999999999986,0
5.95,1.11,53.95678043490527,26.294594416680855,51.26730282136964,0.4873269717863035,0.5499999999999998,1
7.01,1.02,49.92556550874062,44.11553072111588,11.637394045356496,0.883626059546435,0.5099999999999998,0
5.63,0.61,54.97527440697917,19.58148392641665,64.3812893384471,0.35618710661552894,0.8700000000000001,1
6.94,1.62,59.333570496298805,46.268739539789436,22.01929000265431,0.7798070999734569,0.4400000000000004,0
7.12,1.33,58.13468841111533,54.29061718823913,6.612353704713778,0.9338764629528622,0.6200000000000001,0
6.13,1.77,41.91590879741729,35.65000196161087,14.948755772158046,0.8505124422784195,0.3700000000000001,0
6.56,1.36,44.253187177525504,13.677397412382653,69.09285345366293,0.3090714654633707,0.05999999999999961,1
6.37,1.97,44.16477982020371,38.53565153060787,12.74574063883531,0.8725425936116469,0.1299999999999999,0
6.43,2.52,44.54169331020323,41.16827148852019,7.573627248944943,0.9242637275105505,0.07000000000000028,0
5.88,2.07,53.4166111961206,45.77084212143114,14.313467109730723,0.8568653289026927,0.6200000000000001,0
6.54,2.81,46.74459703328573,39.98859833786715,14.453004462970956,0.8554699553702905,0.040000000000000036,0
7.42,3.16,42.02570454211982,20.177433094309407,51.9878766717955,0.480121233282045,0.9199999999999999,1
6.02,0.81,53.284734088809415,26.498864478288386,50.269312718868306,0.4973068728113169,0.4800000000000004,1
5.64,2.56,56.15448972430417,43.13277400984793,23.189090985222375,0.7681090901477763,0.8600000000000003,0
6.5,2.45,57.92668265608074,36.611885555802104,36.79616391435314,0.6320383608564686,0.0,0
6.98,3.12,42.781275587229146,37.67922783785087,11.925889724759205,0.8807411027524079,0.4800000000000004,0
7.19,3.43,47.13481796002173,44.35586330214381,5.895757697070009,0.9410424230292999,0.6900000000000004,0
7.41,1.15,58.72048446794854,21.412378533316748,63.53507855507512,0.36464921444924875,0.9100000000000001,1
6.95,0.95,47.97262099989667,43.24967635802036,9.845083598593629,0.9015491640140637,0.4500000000000002,0
6.81,3.14,57.321962088857376,16.54038717347976,71.14476446594806,0.2885523553405195,0.3099999999999996,1
5.61,2.26,58.61278626981246,50.09697075426229,14.5289382360178,0.854710617639822,0.8899999999999997,0
6.32,0.79,43.92331499346571,38.53893505665535,12.25859190639726,0.8774140809360274,0.17999999999999972,0
7.08,1.08,44.59542988952727,41.42148363238044,7.117200719915448,0.9288279928008455,0.5800000000000001,0
5.57,2.52,53.02258105315272,46.04811837150018,13.153759291085734,0.8684624070891427,0.9299999999999997,0
7.22,2.1,44.48243981166144,33.38032565260903,24.958420010365305,0.750415799896347,0.7199999999999998,0
6.17,1.63,55.540839832919914,26.396706937920726,52.47333850671269,0.47526661493287303,0.33000000000000007,1
7.41,2.36,47.929809306121115,31.454497937045982,34.373830414908554,0.6562616958509144,0.9100000000000001,0
5.96,1.66,55.502757225755886,36.52795716419642,34.18713053187611,0.6581286946812389,0.54,0
7.03,1.47,59.629880800126045,40.84616414103689,31.500510158741513,0.6849948984125849,0.5300000000000002,0
6.85,2.87,51.17332952386602,43.81295928071486,14.383215459370227,0.8561678454062978,0.34999999999999964,0
6.88,1.58,55.41271784524489,22.397891076818098,59.57987272999258,0.40420127270007417,0.3799999999999999,1
6.62,2.96,43.10110024363796,29.264308930983752,32.103104641038996,0.6789689535896101,0.1200000000000001,0
7.0,0.69,46.457871488484095,43.26223846564789,6.878560985361401,0.931214390146386,0.5,0
6.24,1.93,46.87000694776358,36.584931526738245,21.943831654405354,0.7805616834559465,0.2599999999999998,0
6.18,2.96,42.95697183186789,32.257438296033534,24.90756000611952,0.7509243999388048,0.3200000000000003,0
5.81,1.47,50.99838882598382,20.817047801654358,59.18096967203008,0.40819030327969924,0.6900000000000004,1
6.62,1.23,48.859037920032364,24.374345830637832,50.11292307775002,0.4988707692224998,0.1200000000000001,1
6.39,0.76,54.717690199661085,51.70623317904451,5.503625993034384,0.9449637400696561,0.11000000000000032,0
6.52,1.04,57.524062371686824,52.66682295444157,8.44383935519125,0.9155616064480875,0.019999999999999574,0
5.84,3.21,44.52742714740263,39.55729791517946,11.161950174597251,0.8883804982540274,0.6600000000000001,0
6.71,2.06,54.90445511643138,51.18036871634205,6.782849209944734,0.9321715079005527,0.20999999999999996,0
5.52,1.18,46.339602055834526,31.970497381880683,31.008260831934916,0.6899173916806509,0.9800000000000004,0
6.36,2.18,54.391612996730345,46.544604363751304,14.426872454491743,0.8557312754550825,0.13999999999999968,0
6.04,1.67,55.4296633121761,37.39202711150839,32.54148613366271,0.6745851386633729,0.45999999999999996,0
6.53,1.67,45.67253977820444,19.642557438176034,56.992631604100694,0.43007368395899304,0.03000000000000025,1
6.08,0.93,43.66534674177027,32.238617887860045,26.168872358866253,0.7383112764113374,0.41999999999999993,0
6.84,1.01,54.3598414485148,48.8625352758975,10.112807591287586,0.8988719240871241,0.33999999999999986,0
5.7,3.06,47.1335097928035,42.59431379702748,9.630507076027422,0.9036949292397258,0.7999999999999998,0
7.24,0.89,49.844379737490954,16.92171110403019,66.0509144799281,0.3394908552007189,0.7400000000000002,1
6.93,1.16,55.39840730548563,42.92998554938237,22.506823503694147,0.7749317649630585,0.4299999999999997,0
5.85,1.7,54.99100981877457,43.62649558550482,20.666131192574998,0.79333868807425,0.6500000000000004,0
5.6,2.78,45.632943340986316,38.90203470091238,14.750108468301251,0.8524989153169875,0.9000000000000004,0
5.68,1.01,53.02785132788804,23.812999933036988,55.093409714465615,0.44906590285534387,0.8200000000000003,1
7.02,1.26,55.403785979224146,21.01129039523501,62.07607472327968,0.37923925276720316,0.5199999999999996,1
6.92,2.66,45.67886859064438,40.81291784300512,10.65252029608253,0.8934747970391747,0.41999999999999993,0
5.62,0.67,58.06759473109048,18.364701826821356,68.37357925385437,0.3162642074614561,0.8799999999999999,1
6.13,2.26,42.60237797957501,38.70272853458988,9.153595714433479,0.9084640428556652,0.3700000000000001,0
5.83,2.05,55.36597384385988,51.884934496448295,6.287326142277602,0.937126738577224,0.6699999999999999,0
6.93,2.51,50.337978138935696,33.626582729365246,33.1983842566065,0.6680161574339349,0.4299999999999997,0
7.0,3.02,51.18250267844829,47.08081084724147,8.013855549376911,0.9198614445062309,0.5,0
5.65,2.08,44.10310117216291,16.305364020569723,63.028985293076445,0.36971014706923555,0.8499999999999996,1
5.69,1.42,40.00051435584247,34.49790582458058,13.756344436751428,0.8624365556324857,0.8099999999999996,0
6.95,3.39,56.192837061915476,49.53849553728249,11.841974658266441,0.8815802534173356,0.4500000000000002,0
6.15,1.1,56.701742680463795,18.06442297548922,68.14132666558554,0.31858673334414456,0.34999999999999964,1
7.21,2.79,43.558644805309086,34.69751423750434,20.342989565930473,0.7965701043406953,0.71,0
5.67,2.31,49.00668987147669,46.20555547415124,5.715820441396083,0.9428417955860392,0.8300000000000001,0
5.86,1.99,43.47351861396268,32.07553834098364,26.218214297745558,0.7378178570225444,0.6399999999999997,0
6.1,2.79,52.60553918465418,49.9641841909176,5.02105868445713,0.9497894131554286,0.40000000000000036,0
7.01,2.45,45.82756140836348,16.345849900919227,64.33183569323388,0.3566816430676612,0.5099999999999998,1
5.65,3.05,46.70553435663878,12.26811983254107,73.73304898117013,0.2626695101882988,0.8499999999999996,1
7.09,1.71,59.35665631370405,45.93726888872328,22.60805823370234,0.7739194176629766,0.5899999999999999,0
6.24,2.42,54.86633458665941,37.63412827834195,31.40761349949451,0.685923865005055,0.2599999999999998,0
6.61,2.79,59.88593192149834,36.40647083861293,39.20697287246616,0.6079302712753384,0.11000000000000032,0
6.38,2.78,41.9405584434192,30.62941785317799,26.96945632114256,0.7303054367885744,0.1200000000000001,0
7.03,2.57,59.99776760522589,22.097590817398263,63.16931162706538,0.36830688372934617,0.5300000000000002,1
6.69,0.74,56.01373771538134,13.332205718350375,76.19832872768754,0.2380167127231247,0.1900000000000004,1
5.8,2.67,47.13548734714723,43.3810663444323,7.965168525922035,0.9203483147407796,0.7000000000000002,0
6.32,2.57,50.2672936588569,37.66864102827019,25.063319931422008,0.7493668006857799,0.17999999999999972,0
6.43,2.79,51.399608412682795,47.4388374620565,7.705838765979746,0.9229416123402026,0.07000000000000028,0
5.67,1.36,58.7848557435237,46.24544757972954,21.33101800658177,0.7866898199341823,0.8300000000000001,0
7.23,3.17,44.6476025911351,14.380032040360385,67.79215186076848,0.3220784813923151,0.7300000000000004,1
5.62,3.22,56.627052025909876,44.13289444977249,22.063937869166566,0.7793606213083343,0.8799999999999999,0
6.45,2.75,54.36888956215373,37.51873776816645,30.992267691479018,0.6900773230852099,0.04999999999999982,0
5.62,2.75,47.70516949302852,29.87375074716907,37.37837835051666,0.6262162164948334,0.8799999999999999,0
5.77,0.85,53.97798114834311,36.076047490402,33.16525234380802,0.6683474765619198,0.7300000000000004,0
6.0,3.13,56.09541037702286,36.87284628881093,34.26762360595127,0.6573237639404873,0.5,0
5.78,3.44,59.90301300534642,18.16730731099515,69.67213100053299,0.3032786899946701,0.7199999999999998,1
6.33,1.09,54.58909660616678,21.940302658684576,59.808269374792985,0.4019173062520702,0.16999999999999993,1
7.09,1.2,43.37711665378897,9.966117650586177,77.02448106422112,0.2297551893577888,0.5899999999999999,1
6.09,0.98,58.1374735588722,55.146452556722906,5.144738529307564,0.9485526147069243,0.41000000000000014,0
5.8,2.55,42.90545052115034,40.174398895607695,6.365278985233751,0.9363472101476625,0.7000000000000002,0
5.89,2.02,58.60191355921765,52.815368336916904,9.87432810782433,0.9012567189217567,0.6100000000000003,0
7.19,1.28,41.750866548337605,18.948670469068635,54.61490494543253,0.4538509505456747,0.6900000000000004,1
7.45,1.09,58.439396717878346,28.392936829856193,51.41473316891728,0.48585266831082724,0.9500000000000002,1
6.09,1.55,58.48710517859132,14.319854056122844,75.51622017811115,0.2448377982188884,0.41000000000000014,1
6.17,0.91,41.67907578369978,10.293856224814357,75.30210055943667,0.24697899440563337,0.33000000000000007,1
6.06,1.83,40.988246665190246,11.272622466697232,72.49791492967022,0.27502085070329785,0.4400000000000004,1
7.23,2.57,44.18034938164786,18.608948998576672,57.87957936270492,0.42120420637295075,0.7300000000000004,1
7.06,2.82,43.712237920116586,12.23174189285957,72.01758025930202,0.2798241974069798,0.5599999999999996,1
6.84,1.32,54.3592203169368,32.624161071612534,39.98412618613706,0.6001587381386294,0.33999999999999986,0
5.82,1.95,43.70904057967456,37.85408085484538,13.395305976017772,0.8660469402398223,0.6799999999999997,0
7.21,0.62,51.44215721921219,16.878652366653878,67.18906577978775,0.32810934220212246,0.71,1
5.89,2.08,59.98423775989981,56.44279823245186,5.9039502037574465,0.9409604979624255,0.6100000000000003,0
6.46,3.31,44.00371059623209,11.472586878190672,73.92813759853006,0.26071862401469925,0.040000000000000036,1
5.59,2.08,49.571774717309225,31.29380448843807,36.871728585680316,0.6312827141431968,0.9100000000000001,0
6.39,2.52,49.601317444237196,44.23146728861603,10.826023243552067,0.8917397675644794,0.11000000000000032,0
6.08,3.04,40.03772974383901,9.228225370748143,76.95117722760448,0.23048822772395527,0.41999999999999993,1
6.4,1.19,43.236892055523754,10.832661285433314,74.94579103529856,0.25054208964701435,0.09999999999999964,1
6.82,1.37,56.16814935193008,43.798312438551335,22.02286715176185,0.7797713284823815,0.3200000000000003,0
6.27,2.84,42.5789011495088,32.54947971470634,23.554909037191454,0.7644509096280855,0.23000000000000043,0
6.15,1.08,49.18799119836848,45.54924391901889,7.397633427791378,0.9260236657220863,0.34999999999999964,0
6.13,0.99,44.14242948969484,41.0325118362045,7.045189151214163,0.9295481084878584,0.3700000000000001,0
5.91,1.62,51.04107757961739,33.65161109209539,34.069552039524844,0.6593044796047516,0.5899999999999999,0
6.74,2.16,52.57240888420372,36.62946262576633,30.325690978995105,0.696743090210049,0.2400000000000002,0
6.28,1.23,57.170021563563154,52.05588851568398,8.945480354932423,0.9105451964506758,0.21999999999999975,0
6.74,0.62,49.41900421329599,45.44672462216413,8.037959595436632,0.9196204040456337,0.2400000000000002,0
5.77,2.17,41.09494875844447,15.622136726821388,61.98526291236403,0.38014737087635975,0.7300000000000004,1
6.7,2.88,48.22178884906744,44.17934564112584,8.383022082806395,0.9161697791719361,0.20000000000000018,0
6.61,2.49,51.893754724605714,21.656031507679725,58.26852070618934,0.4173147929381066,0.11000000000000032,1
7.21,3.28,54.95339833925756,37.206440204067285,32.29455988441068,0.6770544011558932,0.71,0
6.61,2.85,52.21550109290416,35.05958985038252,32.855973577649046,0.6714402642235096,0.11000000000000032,0
7.14,1.92,40.874932658296686,8.330711525177104,79.61902079492194,0.2038097920507805,0.6399999999999997,1
6.17,2.94,55.04671255168503,47.40873239116567,13.875451968812543,0.8612454803118745,0.33000000000000007,0
6.19,1.71,48.265948534550446,18.324381385231227,62.0345565733283,0.37965443426671697,0.3099999999999996,1
6.75,1.57,42.40741719433742,20.475038016030616,51.71826210919394,0.48281737890806065,0.25,1
7.49,1.36,54.52658486432579,23.601721773365615,56.71520262622,0.43284797373780004,0.9900000000000002,1
6.24,2.99,59.859767848292705,51.08400119241886,14.660542416594327,0.8533945758340568,0.2599999999999998,0
6.53,2.33,41.58712266149391,38.019602017924164,8.578426241719676,0.9142157375828033,0.03000000000000025,0
7.47,2.98,42.78744950803084,8.632885265614963,79.82379093665153,0.20176209063348458,0.9699999999999998,1
6.3,1.82,41.50250237914989,36.562862092735365,11.902030006017442,0.8809796999398256,0.20000000000000018,0
6.23,3.5,50.354930604890306,32.79192458577058,34.87842363824857,0.6512157636175143,0.2699999999999996,0
5.95,2.23,55.49568480291164,52.33965899708299,5.686975153179953,0.9431302484682005,0.5499999999999998,0
6.29,3.3,44.89260972899056,42.553349783021815,5.210790729455197,0.947892092705448,0.20999999999999996,0
7.2,2.46,59.18925505815919,24.451498615273394,58.689294887649076,0.4131070511235092,0.7000000000000002,1
7.11,2.61,41.596505571153244,12.818641053294852,69.18337038824615,0.30816629611753854,0.6100000000000003,1
6.43,2.08,54.46126781815279,15.495943622717988,71.54685477675761,0.28453145223242393,0.07000000000000028,1
6.5,1.52,59.09635521707911,24.922912851742762,57.826649782049614,0.4217335021795038,0.0,1
6.51,3.28,50.20793656727593,13.084962754868744,73.93845744420187,0.26061542555798123,0.009999999999999787,1
6.87,1.33,55.193829819579605,42.448982264957344,23.091073035307147,0.7690892696469286,0.3700000000000001,0
6.26,1.55,43.650381916260244,29.9564478724398,31.37185390517581,0.6862814609482419,0.2400000000000002,0
6.11,3.36,53.156537978453684,40.010556637785854,24.730695114110677,0.7526930488588932,0.3899999999999997,0
5.65,1.27,42.86778461006603,39.84018000710012,7.062657029061817,0.9293734297093819,0.8499999999999996,0
6.99,3.06,55.38011134987265,35.047525903946436,36.71459834645668,0.6328540165354332,0.4900000000000002,0
6.59,1.67,42.926760859441885,18.904064446653464,55.96205241631817,0.4403794758368183,0.08999999999999986,1
7.08,2.85,55.220802478311704,25.115723780674006,54.5176407196575,0.45482359280342505,0.5800000000000001,1
6.26,0.52,46.287089403512844,31.52632995070625,31.889582263702167,0.6811041773629783,0.2400000000000002,0
6.78,3.5,55.79090369096445,49.28266625001396,11.66540961049986,0.8833459038950014,0.28000000000000025,0
7.04,1.35,47.12674557219336,32.43445674323669,31.176115920098034,0.6882388407990196,0.54,0
5.85,2.07,48.471820552865196,45.989112243225954,5.121962165484392,0.948780378345156,0.6500000000000004,0
6.55,1.55,46.13362836095408,28.143035683712828,38.99670005680254,0.6100329994319746,0.04999999999999982,0
5.58,2.51,50.06268557132262,10.97857945481205,78.07033456251315,0.21929665437486845,0.9199999999999999,1
6.95,1.56,49.490558502270105,23.383135881202797,52.75232975976575,0.4724767024023426,0.4500000000000002,1
6.89,0.9,52.60948141164602,46.785461169807554,11.07028635440839,0.8892971364559161,0.3899999999999997,0
7.48,1.39,51.43819042243094,23.509928838097625,54.29479799925948,0.4570520200074052,0.9800000000000004,1
6.88,1.43,43.44899116971305,26.521273336046683,38.95997899593617,0.6104002100406383,0.3799999999999999,0
5.88,1.44,49.32282098985562,38.1998445412401,22.551379311623766,0.7744862068837624,0.6200000000000001,0
7.15,1.48,59.88988920855472,18.696620856357782,68.78167399633936,0.31218326003660635,0.6500000000000004,1
7.1,1.6,43.65233032411079,26.709387491879042,38.81337538324623,0.6118662461675376,0.5999999999999996,0
6.5,0.94,56.003392432648326,38.67914568754505,30.934280929388393,0.6906571907061161,0.0,0
6.94,2.19,56.74435506251178,21.70670120545709,61.74650116025789,0.38253498839742117,0.4400000000000004,1
7.15,2.36,40.35092910952319,36.6485296616244,9.175499869778688,0.9082450013022131,0.6500000000000004,0
5.77,1.98,57.61010899178114,44.89051179376188,22.07875912859995,0.7792124087140005,0.7300000000000004,0
7.48,1.5,42.74087802685408,28.50978485941202,33.29621155302581,0.6670378844697419,0.9800000000000004,0
7.1,0.57,56.85237862224294,40.78400432155515,28.263328096533137,0.7173667190346686,0.5999999999999996,0
5.7,3.47,58.69090425618089,41.93218139123202,28.554207977097178,0.7144579202290282,0.7999999999999998,0
7.34,2.17,40.06694184969124,27.714890949841845,30.828534271937656,0.6917146572806234,0.8399999999999999,0
6.83,0.9,49.6684433389471,37.88390806769217,23.72640348487464,0.7627359651512536,0.33000000000000007,0
6.61,0.79,52.15120093412308,44.69393019142301,14.299326974502527,0.8570067302549748,0.11000000000000032,0
7.23,2.44,43.820277396604695,29.596511831551155,32.459323423077265,0.6754067657692273,0.7300000000000004,0
6.11,0.96,47.56975609406923,44.50623325653092,6.440064211134884,0.9355993578886511,0.3899999999999997,0
6.04,3.33,47.52123067946742,28.875999388394288,39.235581706281884,0.6076441829371811,0.45999999999999996,0
5.89,1.07,54.53105622164612,49.30036988902759,9.592123635672772,0.9040787636432723,0.6100000000000003,0
6.18,0.6,55.30197718636629,39.748568966784255,28.124506592535443,0.7187549340746456,0.3200000000000003,0
7.42,2.14,55.13094791445545,47.00903912511112,14.732031819853297,0.852679681801467,0.9199999999999999,0
6.21,1.77,50.40567076464666,34.413578843200014,31.726771370857577,0.6827322862914242,0.29000000000000004,0
6.91,0.6,45.47258721029251,33.61059147094238,26.086036592756745,0.7391396340724325,0.41000000000000014,0
6.58,3.28,44.47083390210753,41.36136400746361,6.992155581091004,0.9300784441890899,0.08000000000000007,0
5.61,2.78,41.42633580332354,16.453886322618818,60.2815793297877,0.39718420670212307,0.8899999999999997,1
6.52,0.74,51.67792824419975,46.89773484289422,9.249971048988508,0.907500289510115,0.019999999999999574,0
6.33,1.63,48.693527898015404,14.56871978966893,70.08078810764765,0.29919211892352343,0.16999999999999993,1
6.75,2.24,47.22303920792966,33.85249094800009,28.313612347263746,0.7168638765273626,0.25,0
6.31,1.84,52.28354603384153,21.18168488926825,59.4869007630852,0.40513099236914796,0.1900000000000004,1
6.11,1.75,54.58324752204937,50.17964523142362,8.067681002026998,0.9193231899797301,0.3899999999999997,0
6.27,1.98,42.483397349483795,30.086955923951038,29.179496459652572,0.7082050354034743,0.23000000000000043,0
6.65,0.57,45.153883598625995,11.290992535264957,74.99441546239771,0.2500558453760229,0.15000000000000036,1
6.32,1.11,44.487403435932734,39.56755042111553,11.05897992428889,0.8894102007571111,0.17999999999999972,0
6.4,3.16,56.973317801926385,53.70490118294882,5.736749666467653,0.9426325033353234,0.09999999999999964,0
6.68,1.26,50.514693478316886,13.255851999982761,73.75842336710852,0.26241576632891483,0.17999999999999972,1
6.1,2.82,43.74383437173644,39.116003726376405,10.579389557011828,0.8942061044298817,0.40000000000000036,0
6.94,2.22,44.34873709013778,10.892108474924752,75.43986776266752,0.24560132237332472,0.4400000000000004,1
6.18,2.69,40.48216042793392,36.805337140264854,9.082576741956554,0.9091742325804345,0.3200000000000003,0
5.66,3.07,57.029997798180716,11.973348664225247,79.00517424777595,0.2099482575222404,0.8399999999999999,1
7.04,2.34,50.21074323915477,38.69791038657948,22.92902297370792,0.7707097702629209,0.54,0
7.03,1.17,51.58315783939729,39.43349878004472,23.553538729017305,0.764464612709827,0.5300000000000002,0
5.96,2.12,46.561350710307835,28.769418603940267,38.21180407128687,0.6178819592871313,0.54,0
7.42,0.99,54.24942286706612,33.18195919609956,38.83444755272457,0.6116555244727544,0.9199999999999999,0
6.09,2.59,49.311068674394335,29.81553266020063,39.53582134454351,0.6046417865545649,0.41000000000000014,0
6.75,2.36,48.36843733685599,34.59568767380235,28.474663275009338,0.7152533672499066,0.25,0
6.57,1.33,43.385536731743755,16.22594749765599,62.60056064770543,0.3739943935229457,0.07000000000000028,1
7.47,1.99,51.57314703574974,17.350085660119426,66.35829562990871,0.33641704370091285,0.9699999999999998,1
6.92,2.54,56.691654672078165,51.89792527568598,8.455793756807031,0.9154420624319297,0.41999999999999993,0
5.58,1.83,45.2079505880502,42.57922154634101,5.814749413577804,0.941852505864222,0.9199999999999999,0
6.19,1.65,46.41206869171918,41.29834841477585,11.018083057038382,0.8898191694296161,0.3099999999999996,0
6.68,3.31,44.23248778994821,41.60907429612425,5.930965281179886,0.9406903471882011,0.17999999999999972,0
6.38,0.81,57.51672668538622,18.44177544151674,67.93667424366414,0.3206332575633586,0.1200000000000001,1
7.18,2.93,50.324153542867315,13.926184953489738,72.32703588024172,0.2767296411975828,0.6799999999999997,1
7.38,1.77,59.71107353781622,51.783797013881774,13.276057612519631,0.8672394238748037,0.8799999999999999,0
7.42,1.31,55.52933757201779,42.49095073115353,23.48017716572677,0.7651982283427323,0.9199999999999999,0
6.47,2.33,48.572328585556704,44.52144275009362,8.33990453706113,0.9166009546293887,0.03000000000000025,0
6.42,3.35,50.481869072390246,35.50428519161956,29.669234035873465,0.7033076596412653,0.08000000000000007,0
7.16,1.75,40.182847230707694,34.97996705651628,12.948012728713204,0.8705198727128679,0.6600000000000001,0
6.32,2.56,45.27917874616258,42.25945940850445,6.669112429328354,0.9333088757067165,0.17999999999999972,0
6.56,0.54,56.518363051069656,50.439264922919655,10.755969918408578,0.8924403008159142,0.05999999999999961,0
6.11,1.93,42.59004114184062,12.842197733011941,69.84694687135271,0.3015305312864729,0.3899999999999997,1
6.52,1.23,56.422834113405514,13.483659224097698,76.10247794891588,0.23897522051084125,0.019999999999999574,1
5.68,0.84,54.305234298359544,20.568759940940613,62.1237985496327,0.3787620145036729,0.8200000000000003,1
6.2,2.79,49.22060294286134,44.954755402030166,8.6667925335723,0.913332074664277,0.2999999999999998,0
6.18,1.83,45.0084707286168,33.33913196076713,25.92698347431341,0.7407301652568659,0.3200000000000003,0
6.76,3.09,47.808524330682886,42.99460502429528,10.069165224784179,0.8993083477521582,0.2599999999999998,0
6.02,1.93,54.43185376176947,20.769546982944227,61.843028396854194,0.38156971603145806,0.4800000000000004,1
6.79,1.4,40.40181420100101,32.15049037559897,20.423151753412107,0.795768482465879,0.29000000000000004,0
5.92,2.1,52.99865879233851,37.942761737850944,28.408071822119485,0.7159192817788051,0.5800000000000001,0
6.14,2.69,44.9520690582628,21.57298594481887,52.00891439088616,0.4799108560911383,0.3600000000000003,1
6.96,2.58,43.29754070412318,20.242180845583604,53.2486591238288,0.46751340876171205,0.45999999999999996,1
7.17,3.13,40.80487645890232,37.62747012823252,7.786829924286158,0.9221317007571385,0.6699999999999999,0
5.66,2.38,55.18929732094173,47.53988775562844,13.860313387992171,0.8613968661200783,0.8399999999999999,0
6.53,0.77,46.03266411661275,19.807305081038685,56.97119543013714,0.43028804569862855,0.03000000000000025,1
7.2,2.03,46.95937818488464,41.71961552769489,11.158075042135744,0.8884192495786426,0.7000000000000002,0
5.77,0.53,46.78604677681501,33.14437353594554,29.157567652477212,0.7084243234752279,0.7300000000000004,0
6.73,2.78,41.993443344922724,37.6168569679841,10.422070752785228,0.8957792924721477,0.23000000000000043,0
6.99,2.66,58.034883158109146,52.347724381455954,9.799552385001281,0.9020044761499871,0.4900000000000002,0
6.87,1.52,43.12288270730146,38.267835670646235,11.258632846067078,0.8874136715393293,0.3700000000000001,0
6.37,2.43,42.46900520794815,17.0988780648873,59.737983074566536,0.4026201692543346,0.1299999999999999,1
5.83,1.0,52.79286376891862,48.384035323458995,8.351182585505597,0.916488174144944,0.6699999999999999,0
7.09,2.22,57.26606250404848,51.725066012923065,9.67588175061571,0.9032411824938429,0.5899999999999999,0
7.03,2.42,51.639372776720826,21.949713175734235,57.4942297021291,0.42505770297870904,0.5300000000000002,1
6.68,1.85,46.096918938761696,9.304224234348053,79.81595202336966,0.2018404797663033,0.17999999999999972,1
6.95,0.79,54.16144481226094,21.667751347355875,59.99414080908938,0.4000585919091062,0.4500000000000002,1
6.92,2.36,40.4616147855284,11.098988314224767,72.56909203190165,0.27430907968098345,0.41999999999999993,1
6.56,3.45,46.21634620177631,33.132996119493455,28.30892348166632,0.7169107651833367,0.05999999999999961,0
6.32,0.6,40.61612912183799,37.54564944435621,7.559754570089956,0.9244024542991004,0.17999999999999972,0
6.99,2.94,44.667539539010896,12.784864821570908,71.37772764401966,0.2862227235598035,0.4900000000000002,1
6.5,2.64,43.886499892427715,9.69375387557276,77.91176352788767,0.22088236472112338,0.0,1
6.3,1.95,43.18298375733475,32.46394355679947,24.82237045214511,0.751776295478549,0.20000000000000018,0
5.53,1.48,52.333955488102944,46.51624642463905,11.116509366058585,0.8888349063394142,0.9699999999999998,0
6.24,0.8,47.056940645469496,11.213032008133519,76.17135356798195,0.2382864643201805,0.2599999999999998,1
6.64,0.73,51.610713912220845,44.32220166066847,14.1220915175648,0.858779084824352,0.13999999999999968,0
7.06,2.87,43.48018627373939,18.457105785042028,57.55053653900853,0.4244946346099146,0.5599999999999996,1
7.35,3.22,49.56341407067288,43.89004455942299,11.446688283337753,0.8855331171666224,0.8499999999999996,0
6.04,2.57,46.56353592238479,44.10193131861017,5.286549990270895,0.947134500097291,0.45999999999999996,0
5.59,3.24,56.999530789296806,16.775654737895245,70.56878450472206,0.29431215495277946,0.9100000000000001,1
7.41,1.77,45.07904789907076,40.507766852446785,10.140589164302655,0.8985941083569734,0.9100000000000001,0
6.07,2.56,52.75352168916225,41.25100872910128,21.804256079502764,0.7819574392049724,0.4299999999999997,0
5.76,1.53,41.92515776550112,14.080579714154508,66.41496308037517,0.33585036919624833,0.7400000000000002,1
5.68,0.57,54.75252849576368,51.831960440241396,5.33412453408111,0.9466587546591889,0.8200000000000003,0
5.97,1.26,45.32941907253054,12.716359590524053,71.946784559103,0.2805321544089701,0.5300000000000002,1
6.74,1.73,49.17197724084861,41.8444885511757,14.901757262642167,0.8509824273735783,0.2400000000000002,0
6.21,2.81,58.39149428100448,51.06888903486872,12.540534090284282,0.8745946590971572,0.29000000000000004,0
7.48,3.01,57.78670354619931,52.677958965163214,8.840692179216902,0.911593078207831,0.9800000000000004,0
7.43,1.07,57.405369288918166,15.820598183922332,72.44056021258551,0.2755943978741449,0.9299999999999997,1
5.5,2.61,50.81641478266289,19.822810835309046,60.991323531797,0.3900867646820299,1.0,1
5.76,2.58,53.40382383646441,17.914194149010875,66.45522200082802,0.33544777999171976,0.7400000000000002,1
5.86,1.96,44.207408892024645,17.423072545559336,60.587890169915404,0.3941210983008459,0.6399999999999997,1
6.74,1.41,47.50622213859779,17.8353686990725,62.456773247431855,0.37543226752568154,0.2400000000000002,1
6.32,1.38,46.10087364152109,41.517918391685775,9.941146203588739,0.9005885379641126,0.17999999999999972,0
6.85,3.46,43.45349234274359,19.19375010438039,55.82921171677562,0.4417078828322438,0.34999999999999964,1
5.76,2.1,56.78698147742256,18.38054233324554,67.6324716421962,0.32367528357803804,0.7400000000000002,1
5.98,3.4,53.311231164894174,24.769512804085913,53.537908874262094,0.464620911257379,0.5199999999999996,1
6.23,3.15,54.130198286149486,24.661113237498622,54.44111786339278,0.45558882136607215,0.2699999999999996,1
5.5,3.42,47.81243763163073,34.33140375567637,28.195663186676484,0.7180433681332351,1.0,0
6.89,2.75,41.23112297695866,25.39715281845561,38.402956347688146,0.6159704365231186,0.3899999999999997,0
5.7,1.35,58.442862926898464,51.30308108624935,12.216687347400658,0.8778331265259934,0.7999999999999998,0
6.88,3.17,58.401717626376595,13.279699963904545,77.26145650567837,0.2273854349432163,0.3799999999999999,1
5.68,2.36,59.84263933689971,23.08093331753732,61.43062275780118,0.38569377242198827,0.8200000000000003,1
5.82,1.06,45.3546385339487,34.687724303079854,23.518904737570526,0.7648109526242948,0.6799999999999997,0
6.72,1.75,51.75592688551784,19.741572613077395,61.85640215323549,0.3814359784676451,0.21999999999999975,1
6.08,2.24,48.12437365726652,43.65137670422248,9.29466009240962,0.9070533990759038,0.41999999999999993,0
7.03,3.02,54.818797862495856,36.31023509097587,33.76316791540329,0.6623683208459671,0.5300000000000002,0
6.22,0.65,56.54261536690853,52.41222074499267,7.30492318955087,0.9269507681044913,0.28000000000000025,0
5.99,3.47,40.389654500826175,31.215335602513576,22.714526805682226,0.7728547319431778,0.5099999999999998,0
6.86,1.26,48.502408879129916,37.08114713086672,23.547823731240797,0.764521762687592,0.3600000000000003,0
7.36,0.84,53.924547926463575,48.389337775502824,10.264731673799227,0.8973526832620077,0.8600000000000003,0
6.37,2.52,41.8406505613291,39.026291084793804,6.726375997452689,0.9327362400254731,0.1299999999999999,0
6.26,1.51,41.89428365768294,27.67445910670352,33.94215942959956,0.6605784057040043,0.2400000000000002,0
7.44,0.87,46.51015140616043,11.964930390775777,74.27458301244967,0.25725416987550337,0.9400000000000004,1
6.1,1.58,46.89763752628993,42.444142952723794,9.496202385609696,0.905037976143903,0.40000000000000036,0
6.43,1.14,48.00366839907877,31.051702680124396,35.31389638396822,0.6468610361603178,0.07000000000000028,0
6.22,0.98,53.47977039128314,35.755628752428265,33.141768390508645,0.6685823160949136,0.28000000000000025,0
6.1,2.51,53.05179339270593,23.062413831499352,56.528493465274266,0.4347150653472573,0.40000000000000036,1
6.82,1.01,45.35528309894828,34.05966742789911,24.904740747414934,0.7509525925258507,0.3200000000000003,0
6.94,1.8,40.773246197794094,12.690746313268344,68.874819896104,0.3112518010389601,0.4400000000000004,1
6.35,3.04,44.7813320463886,33.81171226876759,24.49596578828354,0.7550403421171645,0.15000000000000036,0
6.5,2.77,54.870729687890275,48.8461805367951,10.97953168358314,0.8902046831641686,0.0,0
5.61,2.04,55.06381790083848,37.77436158624291,31.398942125174166,0.6860105787482583,0.8899999999999997,0
6.14,1.66,58.162554705824974,41.322353112761064,28.953682791683434,0.7104631720831657,0.3600000000000003,0
7.18,2.7,40.526872948334244,17.44859337112,56.94562125885121,0.43054378741148797,0.6799999999999997,1
6.47,0.78,58.901065722712815,12.318180351443184,79.08665963798822,0.20913340362011779,0.03000000000000025,1
5.81,0.67,42.038805281935815,18.98230184065854,54.84576282947964,0.4515423717052036,0.6900000000000004,1
6.72,2.84,50.310970941298194,43.99724589192874,12.549400123357143,0.8745059987664285,0.21999999999999975,0
6.33,2.35,45.086875129706286,31.918211588728894,29.20731033830505,0.7079268966169495,0.16999999999999993,0
6.16,1.83,51.628967695179306,46.28300374159736,10.354582305702593,0.8964541769429741,0.33999999999999986,0
5.94,0.85,48.169658924745896,30.607507948302235,36.45894816046034,0.6354105183953966,0.5599999999999996,0
6.71,0.73,44.03186809726188,32.565354466875625,26.04139711959961,0.7395860288040039,0.20999999999999996,0
6.74,1.77,51.91327359679158,36.7724280913677,29.165653514787476,0.7083434648521253,0.2400000000000002,0
6.48,0.57,46.72428991332266,20.2956226916601,56.5630152340247,0.43436984765975306,0.019999999999999574,1
5.57,2.53,40.13744164967625,37.351782813274056,6.940299934200368,0.9305970006579963,0.9299999999999997,0
6.19,2.3,47.86335772363614,32.2929334583824,32.53099031446486,0.6746900968553514,0.3099999999999996,0
5.57,2.89,41.13075545419382,14.732185751941426,64.18206865091925,0.35817931349080745,0.9299999999999997,1
5.88,1.44,53.97785064755503,36.23751873593466,32.86594723353242,0.6713405276646758,0.6200000000000001,0
5.81,2.29,41.986137974845796,38.630899649945036,7.991300192722914,0.9200869980727708,0.6900000000000004,0
6.37,0.51,58.73281221380701,52.72665272800012,10.22624195814508,0.8977375804185492,0.1299999999999999,0
6.51,0.91,43.03505634300324,29.844606311060712,30.650476966523293,0.6934952303347671,0.009999999999999787,0
7.22,2.63,59.45970141586202,54.48301940974979,8.369840223894244,0.9163015977610576,0.7199999999999998,0
7.11,2.44,41.72321762610707,39.05375641950689,6.398023351223626,0.9360197664877637,0.6100000000000003,0
6.85,2.83,51.54138732636036,15.5256774811311,69.87726119434384,0.30122738805656163,0.34999999999999964,1
7.21,3.09,42.76128433711274,37.63300225206151,11.992815848611848,0.8800718415138815,0.71,0
6.23,1.25,46.47191155011725,13.749563299863093,70.413174665658,0.29586825334341993,0.2699999999999996,1
5.64,1.66,53.85429181283271,38.69113910516664,28.155885440597157,0.7184411455940285,0.8600000000000003,0
6.72,0.9,41.28706247550622,19.891865483688406,51.820584243576626,0.48179415756423377,0.21999999999999975,1
6.96,0.88,58.037600835381454,54.29339775507235,6.45134021120068,0.9354865978879932,0.45999999999999996,0
6.18,1.82,53.35213373250222,48.72461020911124,8.673549115378455,0.9132645088462155,0.3200000000000003,0
6.2,0.62,54.691366097427434,51.07000362384216,6.621451852444427,0.9337854814755557,0.2999999999999998,0
7.05,1.03,40.432551085069534,38.27749093768781,5.330012797974355,0.9466998720202564,0.5499999999999998,0
5.72,1.62,53.770803721829814,50.1193711219356,6.790734649948722,0.9320926535005127,0.7800000000000002,0
6.4,2.3,49.067892320593295,45.31964165296536,7.638907013038408,0.9236109298696159,0.09999999999999964,0
7.36,2.51,49.567010053191005,46.8727945184986,5.4355014187888395,0.9456449858121116,0.8600000000000003,0
7.28,2.45,58.587817100820054,18.742248671076073,68.0099897922059,0.319900102077941,0.7800000000000002,1
5.8,2.96,52.744853398896815,49.69749974774501,5.777537436885812,0.9422246256311418,0.7000000000000002,0
6.62,1.26,56.38617273131747,49.74187989018677,11.783549972066803,0.882164500279332,0.1200000000000001,0
7.36,3.38,54.360882618933275,25.594754125977868,52.91696364572361,0.47083036354276386,0.8600000000000003,1
7.47,2.1,53.48570517459647,12.844103728931758,75.98591308274986,0.24014086917250152,0.9699999999999998,1
6.81,3.3,40.73001646736328,36.60073784230869,10.138170772318139,0.8986182922768187,0.3099999999999996,0
6.12,3.46,51.86481481289059,25.341919856698023,51.13851278921469,0.48861487210785315,0.3799999999999999,1
5.79,1.68,59.656692618700994,22.16805679980706,62.84062051261306,0.3715937948738695,0.71,1
6.59,1.97,57.41864403423509,16.537503372241392,71.19837354156058,0.28801626458439405,0.08999999999999986,1
7.21,1.26,47.0533224384479,31.68174710785436,32.668416456035885,0.6733158354396411,0.71,0
6.34,0.9,58.25331590212127,53.283287001828484,8.53175278235416,0.9146824721764584,0.16000000000000014,0
7.3,2.84,40.12175985812184,31.17640115558017,22.295529244415395,0.7770447075558461,0.7999999999999998,0
6.05,1.85,52.79559023550044,49.504526473850646,6.233595925284004,0.9376640407471599,0.4500000000000002,0
7.47,0.54,59.669344368178386,51.10336569623422,14.35574458316387,0.8564425541683612,0.9699999999999998,0
6.94,2.14,54.86072644644354,34.30940687716097,37.460895800104474,0.6253910419989552,0.4400000000000004,0
6.61,1.62,46.35810544982721,34.39302439318193,25.81011657086576,0.7418988342913424,0.11000000000000032,0
7.38,2.4,56.99392470218112,43.333722900684435,23.967820908767695,0.760321790912323,0.8799999999999999,0
7.23,2.85,51.26256943318513,40.748075626211616,20.511054992430584,0.7948894500756942,0.7300000000000004,0
7.47,1.89,57.17349330731614,34.329771037342454,39.95509273359464,0.6004490726640536,0.9699999999999998,0
7.48,2.21,42.45538998306624,38.010069473780334,10.470568074063074,0.8952943192593692,0.9800000000000004,0
7.02,3.38,49.891919095225425,43.294024113949654,13.22437601304292,0.8677562398695708,0.5199999999999996,0
6.44,0.88,51.23735887014738,46.88858251615612,8.48751077316947,0.9151248922683053,0.05999999999999961,0
5.95,0.78,47.79270153415462,17.13035680920875,64.15696066696147,0.3584303933303853,0.5499999999999998,1
6.69,1.4,49.735462612023795,45.8791998106233,7.753547667752519,0.9224645233224749,0.1900000000000004,0
7.32,1.81,42.520675669554166,31.889550966435458,25.002247814069545,0.7499775218593046,0.8200000000000003,0
6.58,2.16,58.92741532537268,25.707791630796905,56.37380073629706,0.43626199263702936,0.08000000000000007,1
5.73,2.76,41.80542934935139,8.37879919068947,79.95762913790175,0.2004237086209824,0.7699999999999996,1
6.87,3.02,50.01671531387192,32.67084456599551,34.680147704672656,0.6531985229532734,0.3700000000000001,0
6.93,3.03,42.361889874076475,32.70911819824898,22.786451937156247,0.7721354806284375,0.4299999999999997,0
7.14,3.25,50.07687184971482,35.37746903134983,29.353676209007652,0.7064632379099235,0.6399999999999997,0
6.57,2.24,52.038771365931844,34.61718811933648,33.47808333922489,0.6652191666077512,0.07000000000000028,0
6.79,2.59,47.6113707377103,42.93655119678779,9.818703953465155,0.9018129604653484,0.29000000000000004,0
6.75,3.16,40.404244499742845,15.88186933767305,60.69257194556841,0.39307428054431587,0.25,1
7.06,2.62,48.213434117868566,44.04654401191984,8.642591390113024,0.9135740860988698,0.5599999999999996,0
7.21,0.63,40.9985014114436,26.587867277335295,35.149172867294055,0.6485082713270595,0.71,0
5.99,1.83,52.67924705730101,32.41381047400945,38.46948792044836,0.6153051207955165,0.5099999999999998,0
6.66,2.99,54.45240566062459,17.133368192814277,68.53514920975532,0.3146485079024468,0.16000000000000014,1
6.66,1.38,48.828546024732574,23.895925366122942,51.06156682605456,0.48938433173945434,0.16000000000000014,1
7.11,3.34,59.08764259392383,26.60746176379678,54.969498535159175,0.4503050146484082,0.6100000000000003,1
6.83,2.28,49.27530939402806,21.533360496503555,56.29989793810752,0.43700102061892476,0.33000000000000007,1
7.11,1.64,44.651728705605024,40.40202472917065,9.517445571823785,0.9048255442817621,0.6100000000000003,0
6.18,2.42,50.28764897229733,19.62625985153535,60.97200753539474,0.39027992464605266,0.3200000000000003,1
7.3,2.87,48.0535339937951,43.825813174272874,8.797939439934073,0.9120206056006592,0.7999999999999998,0
6.38,2.18,42.63415790845551,29.596295328506404,30.580790660728262,0.6941920933927174,0.1200000000000001,0
5.5,3.39,54.16730142436564,49.50940822402426,8.599086677495354,0.9140091332250465,1.0,0
6.53,1.04,59.317057574915495,50.651024576178,14.60968118284117,0.8539031881715883,0.03000000000000025,0
6.73,2.6,44.62159065047939,40.187079264524606,9.938039682830409,0.9006196031716959,0.23000000000000043,0
6.81,3.09,41.501212790141096,38.124123399339936,8.137326993016,0.91862673006984,0.3099999999999996,0
6.49,3.01,43.93817758806911,13.53428830572036,69.19697391046225,0.30803026089537755,0.009999999999999787,1
5.61,1.28,52.950647530429364,48.280442356955795,8.81992079660541,0.9118007920339459,0.8899999999999997,0
5.66,3.27,45.34566388693129,17.087804305077324,62.31656383356632,0.3768343616643368,0.8399999999999999,1
6.17,2.38,54.35547344337351,20.027715780681326,63.15418758785016,0.36845812412149836,0.33000000000000007,1
6.86,1.03,43.029079400148866,39.85953256708981,7.366057738730271,0.9263394226126973,0.3600000000000003,0
5.51,3.03,43.299050281845936,40.565240601700076,6.3137867051372005,0.936862132948628,0.9900000000000002,0
7.13,2.73,45.243091225005884,33.39118253451972,26.19606302218272,0.7380393697781727,0.6299999999999999,0
6.8,2.75,43.14246757436768,38.582717099420336,10.569053490246898,0.8943094650975311,0.2999999999999998,0
6.43,0.91,57.46328839515783,36.78811398934169,35.97979681155585,0.6402020318844415,0.07000000000000028,0
6.0,0.6,53.22764230820814,12.211803623622778,77.05740270645124,0.22942597293548767,0.5,1
6.65,2.15,44.52947861358965,16.293222914078143,63.41025446207286,0.3658974553792715,0.15000000000000036,1
5.58,2.33,56.312777171780276,12.78087831525689,77.30376842138465,0.2269623157861535,0.9199999999999999,1
7.2,0.64,46.63933768422115,39.913408572560826,14.421150568645002,0.85578849431355,0.7000000000000002,0
7.25,2.72,54.75865301181437,48.07071272319689,12.213485761190162,0.8778651423880983,0.75,0
6.37,1.47,47.74151124978159,18.51892678216759,61.21001137714862,0.3878998862285138,0.1299999999999999,1
6.73,0.62,47.334638138162376,15.031326093421256,68.24455264758299,0.3175544735241701,0.23000000000000043,1
6.2,0.86,57.30126182786463,49.03277237640165,14.429855796722002,0.85570144203278,0.2999999999999998,0
6.14,3.12,58.303688230022075,35.95025160883132,38.3396613486973,0.6166033865130269,0.3600000000000003,0
6.99,1.47,56.738912164448735,50.0913870504247,11.7159897157655,0.882840102842345,0.4900000000000002,0
6.81,3.41,44.78992103338523,33.98489817235617,24.123781894983203,0.758762181050168,0.3099999999999996,0
5.77,2.49,46.948362649151285,17.98522400588154,61.69147763408386,0.3830852236591614,0.7300000000000004,1
6.49,1.31,43.89115277193602,11.50020386054802,73.79835539908342,0.26201644600916574,0.009999999999999787,1
5.7,0.89,51.91511693239006,17.41495193358958,66.45494999795653,0.3354505000204347,0.7999999999999998,1
7.37,0.81,51.74672853052841,46.72064941475153,9.712844190356313,0.9028715580964369,0.8700000000000001,0
6.45,1.79,55.3554380684724,50.55786497063491,8.66685056652084,0.9133314943347917,0.04999999999999982,0
5.78,0.57,58.58018650323863,36.83039222268505,37.128243487840614,0.6287175651215939,0.7199999999999998,0
6.46,1.14,51.89130190893287,46.86412703709221,9.68789505544329,0.9031210494455671,0.040000000000000036,0
6.48,1.5,57.183132379579796,24.76393546216749,56.69363598729555,0.43306364012704446,0.019999999999999574,1
6.77,3.3,48.80908817090303,37.465995066771725,23.23971524404211,0.7676028475595789,0.2699999999999996,0
6.59,2.31,59.39837517225391,38.0650126438176,35.91573417045508,0.6408426582954492,0.08999999999999986,0
6.78,0.57,40.31211583894846,37.846627050437746,6.115999463686359,0.9388400053631364,0.28000000000000025,0
6.7,2.76,48.233224276013004,15.81928380123273,67.20251644238542,0.3279748355761458,0.20000000000000018,1
6.8,2.98,54.556077372035915,11.94950977047852,78.0968311028103,0.219031688971897,0.2999999999999998,1
6.76,3.11,48.31917269116604,15.37713268975113,68.1759189296665,0.3182408107033351,0.2599999999999998,1
6.96,1.19,50.80959805428627,38.612646778464566,24.00521110753557,0.7599478889246443,0.45999999999999996,0
7.25,2.13,49.1042987659073,12.698865287042231,74.13899473937923,0.2586100526062078,0.75,1
5.79,3.32,45.32552040645625,15.67824662876689,65.40967100173955,0.34590328998260444,0.71,1
5.88,2.22,53.902943157013816,33.28869598811884,38.24326829213715,0.6175673170786284,0.6200000000000001,0
6.75,2.3,50.64350097538025,38.36769371839548,24.2396497488444,0.757603502511556,0.25,0
7.4,0.81,46.07528625225949,27.85356723910933,39.54770658045902,0.6045229341954098,0.9000000000000004,0
6.27,0.68,47.7517387850358,43.365507542119694,9.185490108876703,0.908145098911233,0.23000000000000043,0
6.82,1.3,59.561356525465335,52.948740096096095,11.102192453494624,0.8889780754650538,0.3200000000000003,0
5.51,2.17,45.82878261451038,16.077096189631337,64.91921610734434,0.35080783892655665,0.9900000000000002,1
6.04,1.03,51.51214583636442,33.44324232728808,35.076976925936556,0.6492302307406345,0.45999999999999996,0
6.7,3.02,49.89194647870656,38.92032794900699,21.990760641864632,0.7800923935813536,0.20000000000000018,0
7.24,2.9,58.23249725146583,22.2078897622099,61.86340821636173,0.3813659178363827,0.7400000000000002,1
5.68,0.82,51.730451692441136,39.40269185626011,23.830760089771953,0.7616923991022805,0.8200000000000003,0
6.84,0.88,43.83887432787166,32.77265752401674,25.242931013899895,0.7475706898610011,0.33999999999999986,0
7.21,1.0,45.67583158027661,19.553808137735203,57.190033632187266,0.42809966367812735,0.71,1
6.07,0.93,54.449902372841734,33.68912408716847,38.12821948424324,0.6187178051575677,0.4299999999999997,0
6.99,0.97,44.298800409740615,13.646016878079529,69.19551601429148,0.3080448398570852,0.4900000000000002,1
6.57,1.15,40.07121750427478,9.647690243976736,75.92364084533362,0.24076359154666377,0.07000000000000028,1
6.55,1.65,40.13834069074548,28.237655287181944,29.649171337836155,0.7035082866216384,0.04999999999999982,0
7.19,2.98,56.40510852316564,15.848851460101057,71.9017445847269,0.280982554152731,0.6900000000000004,1
7.47,2.54,53.74699450676669,35.38551954532841,34.16279390120427,0.6583720609879573,0.9699999999999998,0
6.16,3.37,54.56194478767508,46.392168186514034,14.973396994834587,0.8502660300516541,0.33999999999999986,0
6.45,1.16,55.787004566246836,21.341036845700966,61.74550504793894,0.3825449495206106,0.04999999999999982,1
6.16,0.52,46.52606826716236,41.94855025199586,9.838609161817493,0.9016139083818251,0.33999999999999986,0
7.13,2.45,57.44019647607867,54.300686278352835,5.465702400640817,0.9453429759935918,0.6299999999999999,0
5.99,0.58,51.93203006948391,20.7687050884378,60.007908297346106,0.399920917026539,0.5099999999999998,1
6.81,3.21,42.106996901400144,19.526044438785515,53.62755390865637,0.46372446091343633,0.3099999999999996,1
6.48,0.95,59.3156506962613,54.03975446081715,8.89461073681974,0.9110538926318026,0.019999999999999574,0
6.74,2.65,56.14497963586443,39.37758442212607,29.864460406763854,0.7013553959323615,0.2400000000000002,0
6.06,2.06,59.08932287605042,40.9268993017345,30.73723422489472,0.6926276577510527,0.4400000000000004,0
6.93,3.42,59.58331378137284,23.900607865161586,59.88707853198745,0.4011292146801255,0.4299999999999997,1
6.4,1.9,41.04092458644098,28.35544173663602,30.909349576388358,0.6909065042361164,0.09999999999999964,0
7.12,1.31,43.90261602659754,41.18851936335297,6.182084141865926,0.9381791585813407,0.6200000000000001,0
7.5,0.84,51.47911517148712,24.600529174664956,52.2126029308862,0.477873970691138,1.0,1
6.66,0.84,55.051019748043636,46.90989538670431,14.788326171975486,0.8521167382802451,0.16000000000000014,0
5.7,2.46,46.279701646352386,13.048363921661378,71.80542774158137,0.28194572258418626,0.7999999999999998,1
6.97,2.29,42.781022663174475,39.145587290707624,8.49777575699751,0.915022242430025,0.46999999999999975,0
6.2,3.31,43.56546161075964,37.66431799591383,13.545463302030916,0.8645453669796909,0.2999999999999998,0
6.27,1.27,59.0005912600744,46.6524981645182,20.928761613804596,0.790712383861954,0.23000000000000043,0
6.76,1.83,43.23449899737383,19.501424324199565,54.893835301794226,0.4510616469820578,0.2599999999999998,1
6.07,2.56,50.31164358426797,39.69656328306794,21.098655390616734,0.7890134460938327,0.4299999999999997,0
6.76,3.02,43.963411929464655,40.51850876303677,7.83584124897977,0.9216415875102023,0.2599999999999998,0
5.73,2.32,57.24679734966791,52.017394305995055,9.134839477099918,0.9086516052290008,0.7699999999999996,0
5.79,2.25,43.145360037423295,16.05737420309523,62.78307982789475,0.37216920172105256,0.71,1
7.37,2.98,55.92979688305359,48.44572063584013,13.381196900933304,0.866188030990667,0.8700000000000001,0
5.8,3.03,45.0095946280185,12.976704349943844,71.16902638828513,0.28830973611714866,0.7000000000000002,1
6.99,0.79,41.328370734216165,38.86668623960163,5.956403436384403,0.940435965636156,0.4900000000000002,0
6.57,0.5,48.46732089423184,45.335970657022656,6.460745466089604,0.935392545339104,0.07000000000000028,0
7.23,0.85,45.54677044329826,31.53652608828858,30.760126829302216,0.6923987317069779,0.7300000000000004,0
5.87,1.07,49.82776801467255,14.45038435875798,70.99933443837412,0.2900066556162588,0.6299999999999999,1
5.96,2.46,44.20284427998209,27.193180663388485,38.48092559124455,0.6151907440875546,0.54,0
6.66,3.05,59.217299213541,50.428336975468866,14.841882954470156,0.8515811704552985,0.16000000000000014,0
7.46,1.44,59.882104044768795,17.589014029036512,70.62726116656374,0.2937273883343626,0.96,1
6.51,2.88,57.53225229935106,39.77168366740713,30.870629815659516,0.6912937018434048,0.009999999999999787,0
5.77,3.28,55.33219047747248,47.11801703192533,14.845198382108876,0.8515480161789112,0.7300000000000004,0
6.84,0.78,43.01959654232842,28.95067018943941,32.703529283558304,0.6729647071644169,0.33999999999999986,0
5.81,1.67,55.04689734184022,39.86713894872589,27.57604719998715,0.7242395280001285,0.6900000000000004,0
5.9,0.89,48.01056403839638,31.359862261282405,34.681329225371314,0.6531867077462868,0.5999999999999996,0
6.54,1.43,56.9819498882204,19.189707710173124,66.32318173067623,0.3367681826932377,0.040000000000000036,1
5.82,3.42,54.84761254115121,50.77865977135304,7.418650660036116,0.9258134933996388,0.6799999999999997,0
6.16,0.63,58.432613639479506,37.24689452694552,36.25666865296615,0.6374333134703385,0.33999999999999986,0
6.8,0.82,41.484048201970516,30.707927773859097,25.97654012850064,0.7402345987149936,0.2999999999999998,0
6.99,0.54,45.38704833980566,41.4365257584215,8.704074677443701,0.912959253225563,0.4900000000000002,0
6.45,2.43,57.8898169727923,26.728580526280123,53.82852818684447,0.4617147181315553,0.04999999999999982,1
6.7,2.47,58.92162510715629,55.50046652718622,5.806286866236746,0.9419371313376326,0.20000000000000018,0
7.43,1.76,57.06779390223555,35.52773672738865,37.744681723193615,0.6225531827680639,0.9299999999999997,0
7.11,1.86,45.98733791965695,39.628873378885395,13.826554935361191,0.8617344506463881,0.6100000000000003,0
6.83,0.73,42.53773512242884,10.108543806038858,76.23629049138317,0.23763709508616818,0.33000000000000007,1
5.94,1.38,59.156184824873336,54.62181232416713,7.6650861006838324,0.9233491389931616,0.5599999999999996,0
6.51,2.66,40.00091662956953,25.245986469874232,36.886480118278435,0.6311351988172156,0.009999999999999787,0
5.53,2.25,41.36579461277638,27.998219330450034,32.31552882631581,0.6768447117368419,0.9699999999999998,0
6.48,0.65,57.18015432482458,24.62554076671056,56.93341324890502,0.4306658675109497,0.019999999999999574,1
6.02,2.1,54.8372942320173,22.303594028048202,59.32769050624306,0.4067230949375695,0.4800000000000004,1
6.99,2.94,42.09272285127703,37.469616799166666,10.983148009799294,0.8901685199020071,0.4900000000000002,0
6.96,1.51,42.29822688464299,16.41623655633236,61.18930327480814,0.3881069672519186,0.45999999999999996,1
6.91,3.26,55.136146901051596,37.375547694738145,32.21226038552707,0.6778773961447294,0.41000000000000014,0
6.04,0.53,54.677928756788944,51.341805258504856,6.1014079613794205,0.9389859203862058,0.45999999999999996,0
6.01,1.13,57.151328750883465,43.62633292797254,23.66523424479759,0.7633476575520242,0.4900000000000002,0
7.5,2.77,40.687223887269894,38.19500859416421,6.12530188840297,0.9387469811159703,1.0,0
6.45,2.07,52.06463254540306,44.45993437479411,14.606264941901316,0.8539373505809869,0.04999999999999982,0
7.14,2.36,52.321331111679,14.219970966202265,72.82184786956208,0.2717815213043792,0.6399999999999997,1
6.05,2.24,56.46936829592558,48.41585798264047,14.261732610644756,0.8573826738935524,0.4500000000000002,0
7.45,1.32,43.00396137487259,29.790917467338733,30.725178530306973,0.6927482146969303,0.9500000000000002,0
6.86,0.61,43.22643042142091,37.93777354436927,12.234775866273788,0.8776522413372622,0.3600000000000003,0
6.77,2.49,40.38926905747738,35.58268815926527,11.900638487346567,0.8809936151265343,0.2699999999999996,0
6.36,3.36,47.19801512863516,10.068791525545368,78.66691745806784,0.2133308254193216,0.13999999999999968,1
7.08,2.19,57.337408529039166,40.23840574164502,29.821722372984766,0.7017827762701523,0.5800000000000001,0
6.36,2.35,40.06233514639251,37.169227624679976,7.221514949492533,0.9277848505050746,0.13999999999999968,0
5.71,3.15,45.33296044578396,28.85907126297773,36.33976034392947,0.6366023965607053,0.79,0
6.36,3.17,54.07655202399975,33.88810314604035,37.333091926792136,0.6266690807320786,0.13999999999999968,0
5.58,3.33,43.4185459002113,37.94017059480722,12.617592763228439,0.8738240723677156,0.9199999999999999,0
6.56,1.23,54.57438647122562,49.0404854417015,10.140106719187537,0.8985989328081246,0.05999999999999961,0
6.81,2.84,42.99598933577487,31.007272691201965,27.883337096740973,0.7211666290325903,0.3099999999999996,0
7.12,1.83,44.33553663373075,38.16320816855669,13.921853514857672,0.8607814648514233,0.6200000000000001,0
5.53,1.68,43.80111461075574,29.52809791137692,32.58596687828112,0.6741403312171887,0.9699999999999998,0
6.71,0.61,52.361447625139064,21.183707011922102,59.54331292828567,0.40456687071714326,0.20999999999999996,1
6.66,0.67,47.188414563605946,28.53720802111805,39.5249696667551,0.6047503033324491,0.16000000000000014,0
6.53,3.18,51.00251641266244,45.24642789815592,11.28589120570813,0.8871410879429187,0.03000000000000025,0
7.07,1.32,41.529316729175214,16.320918170564436,60.700248749581164,0.3929975125041884,0.5700000000000003,1
6.47,2.33,43.34273759783179,20.393428303607,52.948453572929886,0.4705154642707011,0.03000000000000025,1
7.0,3.46,40.123431470709654,28.00777044618903,30.195974223603304,0.6980402577639669,0.5,0
5.67,2.74,52.31377067104806,46.67368993438167,10.78125446573434,0.8921874553426565,0.8300000000000001,0
6.76,1.75,55.51563610643721,47.69569693087752,14.086012021130296,0.8591398797886971,0.2599999999999998,0
6.99,1.03,52.73563314767026,22.386549446428006,57.549481991159155,0.4245051800884085,0.4900000000000002,1
6.3,2.93,41.3267758382375,37.41794545253484,9.458348265547558,0.9054165173445244,0.20000000000000018,0
7.1,2.07,49.02207243000136,15.277197462301364,68.83608402293542,0.3116391597706458,0.5999999999999996,1
5.67,3.49,54.12699560346074,10.84138774623348,79.97046090335687,0.20029539096643134,0.8300000000000001,1
6.31,3.14,51.79502767207875,39.55812204411335,23.625637784072424,0.7637436221592757,0.1900000000000004,0
5.78,3.15,48.09640234964454,43.34955182431455,9.869450298635634,0.9013054970136437,0.7199999999999998,0
6.99,2.86,48.42608538944897,32.740920380312055,32.38990903971434,0.6761009096028566,0.4900000000000002,0
7.33,2.37,52.05583806318225,48.45267458937823,6.921727913458454,0.9307827208654155,0.8300000000000001,0
7.17,0.8,41.497158107367845,12.245472441992247,70.49081671976458,0.2950918328023541,0.6699999999999999,1
6.05,0.84,40.1424609113512,37.779788437569486,5.885719061916342,0.9411428093808366,0.4500000000000002,0
7.05,2.87,45.72693627504731,30.857870558762293,32.51708276899999,0.6748291723100001,0.5499999999999998,0
6.74,2.62,43.79591009233294,31.18272456054468,28.799916488084044,0.7120008351191596,0.2400000000000002,0
6.97,2.81,50.57331973750112,45.36103070973843,10.306400795551648,0.8969359920444835,0.46999999999999975,0
5.82,3.1,58.58943004746962,26.554331795369624,54.67726555138855,0.45322734448611457,0.6799999999999997,1
6.78,2.78,40.97316869528011,27.09918802227159,33.8611367263053,0.661388632736947,0.28000000000000025,0
6.54,1.35,44.022255328522405,39.68414327375225,9.85436121433664,0.9014563878566336,0.040000000000000036,0
7.16,2.25,52.11816667297458,47.63256131116962,8.606606195399685,0.9139339380460032,0.6600000000000001,0
6.06,0.75,57.07103641017507,26.662606524726606,53.28172011263319,0.46718279887366804,0.4400000000000004,1
7.09,1.52,43.003184061655936,17.613169323391382,59.042173951262654,0.40957826048737345,0.5899999999999999,1
7.18,0.61,56.69488354785699,13.915026917017105,75.45629156241017,0.2454370843758983,0.6799999999999997,1
5.57,2.75,45.34144219375223,12.897169838463396,71.55544858200264,0.28444551417997344,0.9299999999999997,1
6.29,2.37,58.80574297702756,51.30690414904982,12.75188178628601,0.8724811821371399,0.20999999999999996,0
6.35,2.44,46.35747008856673,32.414497496728714,30.077078333221657,0.6992292166677834,0.15000000000000036,0
6.12,1.39,55.69068917697258,49.73433794376693,10.695416632891176,0.8930458336710883,0.3799999999999999,0
5.54,3.0,58.03066509119189,15.974211856667985,72.47280927839546,0.2752719072160455,0.96,1
7.32,3.1,42.6858664134546,38.67525579591664,9.395640652320953,0.9060435934767904,0.8200000000000003,0
6.03,2.98,50.87052554601996,46.8594081183748,7.884953781372886,0.9211504621862712,0.46999999999999975,0
6.57,2.0,53.11416212795519,22.53600159559489,57.57063522661938,0.4242936477338062,0.07000000000000028,1
6.22,3.34,54.840181225471966,48.61464848556436,11.35213743060352,0.8864786256939649,0.28000000000000025,0
6.84,2.48,40.14810378487268,31.772368663242425,20.862093927300577,0.7913790607269943,0.33999999999999986,0
6.24,0.72,59.642723902453525,55.296269951632446,7.287483982002168,0.9271251601799784,0.2599999999999998,0
6.69,2.84,52.435549112753186,35.50888307861184,32.28089782705166,0.6771910217294834,0.1900000000000004,0
7.01,3.16,54.739989282313346,51.56760670657151,5.795365723184095,0.942046342768159,0.5099999999999998,0
6.78,1.62,52.200015589534985,44.907922919699196,13.969522015425797,0.860304779845742,0.28000000000000025,0
7.34,0.52,45.30018509141982,14.007047331332451,69.07949205270359,0.30920507947296416,0.8399999999999999,1
7.45,0.53,40.46847356205935,25.871836722527863,36.069155949623855,0.6393084405037615,0.9500000000000002,0
7.5,0.71,52.91209987466668,35.62026748708492,32.680298889178594,0.6731970111082141,1.0,0
7.11,1.57,57.15762598247579,51.48492745046194,9.924657356750737,0.9007534264324927,0.6100000000000003,0
5.62,2.11,44.98685075154607,38.9449639025738,13.430339639332573,0.8656966036066742,0.8799999999999999,0
5.59,1.11,50.815656260036555,46.88200145475649,7.74102923152376,0.9225897076847623,0.9100000000000001,0
7.27,1.8,42.68821347869564,10.495535514041203,75.4135049027545,0.24586495097245517,0.7699999999999996,1
6.89,0.62,53.8220559950296,50.77947466512521,5.6530380968452265,0.9434696190315477,0.3899999999999997,0
5.81,1.66,50.2517036230082,31.41919571057493,37.4763571275435,0.625236428724565,0.6900000000000004,0
7.49,0.99,48.33035421655267,30.789023039942737,36.294646420369496,0.637053535796305,0.9900000000000002,0
7.38,1.55,41.531249828678554,9.793265427841007,76.41952633682007,0.23580473663179932,0.8799999999999999,1
6.65,0.85,42.01294293177122,26.18409344549459,37.676126407004126,0.6232387359299587,0.15000000000000036,0
5.88,3.37,51.09916404940735,31.01241596021104,39.30934774152979,0.6069065225847021,0.6200000000000001,0
5.88,3.01,50.11965689459721,16.813408564287226,66.45346435701623,0.33546535642983766,0.6200000000000001,1
6.9,2.35,49.16809531634411,43.35846223571857,11.815859539090873,0.8818414046090912,0.40000000000000036,0
6.8,1.66,42.503970879602406,33.50796087741267,21.16510485025508,0.7883489514974492,0.2999999999999998,0
6.52,2.05,47.852946234209014,11.07904681808268,76.84772267969048,0.23152277320309517,0.019999999999999574,1
6.7,0.72,49.16187580105698,37.002476163956416,24.733392367504283,0.7526660763249572,0.20000000000000018,0
7.48,2.69,46.4805004519965,36.04408190119383,22.45332655482282,0.7754667344517718,0.9800000000000004,0
7.34,0.77,43.48437811239585,12.259849306447066,71.80631335060482,0.2819368664939517,0.8399999999999999,1
6.99,1.17,41.531902364143406,36.075841602710085,13.137035509704498,0.868629644902955,0.4900000000000002,0
6.64,1.27,47.00291241219717,42.64677183095457,9.267809924289262,0.9073219007571074,0.13999999999999968,0
6.34,2.35,54.347100932054936,47.954686210836165,11.76220002831541,0.8823779997168459,0.16000000000000014,0
6.2,1.62,41.72094962610425,39.27945909286415,5.851953407389583,0.9414804659261041,0.2999999999999998,0
5.98,3.05,55.76575530449246,36.247169358655526,35.001024982556864,0.6499897501744314,0.5199999999999996,0
6.2,1.37,46.237541358591265,9.467615964510419,79.52396324215178,0.20476036757848215,0.2999999999999998,1
6.6,3.28,56.788232260279166,35.80931745920652,36.9423628207326,0.630576371792674,0.09999999999999964,0
7.14,1.57,55.615508972039315,47.56963612691026,14.466958936173926,0.8553304106382608,0.6399999999999997,0
6.38,0.52,55.434256470608545,38.410898115733474,30.70909477048893,0.6929090522951107,0.1200000000000001,0
7.32,0.84,53.550959799565675,12.078724447333684,77.44442958157465,0.22555570418425347,0.8200000000000003,1
7.02,2.73,56.21463953153012,42.90577226423198,23.675091360913836,0.7632490863908616,0.5199999999999996,0
7.13,3.26,42.50989177095905,21.019978495026724,50.55273580021985,0.4944726419978015,0.6299999999999999,1
5.67,3.27,45.307471827853185,39.11582675880747,13.665836603223008,0.86334163396777,0.8300000000000001,0
5.52,3.15,54.07884520256602,39.957170902285064,26.113121031680038,0.7388687896831997,0.9800000000000004,0
6.62,2.7,48.38246493929082,36.99342565815135,23.53960116631132,0.7646039883368868,0.1200000000000001,0
5.6,1.08,50.54138195546781,45.72797825553001,9.523688339545025,0.9047631166045498,0.9000000000000004,0
6.23,1.49,57.724433284143586,20.099499749066762,65.18025625279212,0.34819743747207865,0.2699999999999996,1
6.45,1.46,58.746668222270245,44.35353788733599,24.500334692134885,0.7549966530786512,0.04999999999999982,0
5.8,3.25,44.59762311318893,21.93127126693434,50.82412528741119,0.49175874712588813,0.7000000000000002,1
7.13,3.41,49.91309567611158,15.193737222849364,69.55961753716451,0.3044038246283548,0.6299999999999999,1
6.09,0.83,52.44814707054114,23.453459167781965,55.28257816956281,0.4471742183043719,0.41000000000000014,1
5.64,2.99,52.8994225683188,32.433032244716124,38.68925090282534,0.6131074909717465,0.8600000000000003,0
7.31,1.09,57.3413965114255,53.38766008650958,6.895082201439105,0.9310491779856089,0.8099999999999996,0
5.91,1.11,47.11258461757843,12.752438062003014,72.93199223622113,0.2706800776377886,0.5899999999999999,1
7.16,0.8,47.67036380346978,18.672162775212296,60.830668605358525,0.39169331394641477,0.6600000000000001,1
7.49,1.48,53.39034958022924,13.674943956459476,74.38686192546793,0.2561313807453208,0.9900000000000002,1
5.54,1.05,56.56145123475277,39.37585981048067,30.383929423849082,0.6961607057615091,0.96,0
7.25,1.21,43.91209065621089,18.752786771844566,57.294707467561246,0.42705292532438754,0.75,1
6.65,1.57,41.8618333220951,39.24409318722171,6.253285934067593,0.937467140659324,0.15000000000000036,0
6.57,0.65,41.70143062100771,33.33013476931913,20.07436130373766,0.7992563869626234,0.07000000000000028,0
6.22,1.85,45.25362181056391,30.305611781280284,33.03163245553573,0.6696836754446427,0.28000000000000025,0
6.68,3.37,47.981208504296504,43.5317047426252,9.273429953880525,0.9072657004611947,0.17999999999999972,0
